folder_name,title,no,jenis_kejadian,lokasi_kejadian_desa_kecamatan,lokasi_kejadian_dusun_rt_rw,koordinat_text,latitude,longitude,waktu_kejadian,jam_kejadian,kronologi_kondisi_umum,dampak_bangunan_fisik,dampak_jiwa_luka,dampak_pengungsian,penanganan,tim_terlibat,saran_tl,nara_sumber,petugas_bpbd,keterangan_lain,media_links
JANUARI - FEBRUARI 2023,"Tanah Longsor, Desa Mantrianom Kec Bawang",x,Tanah Longsor,Desa Mantrianom Kec Bawang,Rt 5 Rt 1 (PONPES TANGHO),"-7.400495, 109.627563",-7.400495,109.627563,"Rabu, 04 Januari 2023",15:00:00,"Hujan Intensitas Lebat di wilayah Kec.Bawang mengakibatkan talud dengan ukuran
Lebar -+ 10 m
Tinggi 6 s/d 7 m
Kemiringan 85° s/d 87° 
Terjadi longsoran",1 Talud Longsor menutup saluran pembuangan air,NIHIL,NIHIL,"- Cek Lokasi
- Penanganan Penutupan Dengan 3 Terpal
-Pemasangan rambu jalan dan police line
-Himbauan untuk pembersihan dilakukan setelah hujan reda.
-Himbauan untuk masyarakat sekitar tetap waspada apabila hujan lebat.","-BPBD Banjarnegara 
-Polsek Bawang
-Ponpes Tangho",,"1. Kades Mantrianom
2. Warga","- Alamsyah Tri P
- Fahri Susanto
- Widia Dwi. K",,"https://mymaps.usercontent.google.com/hostedimage/m/*/3AE5a_GwB-UaouZ6YQWDKFwIRimmoG4lJD4IdhOdoNuNUZBNRBB0ONSWqBqRic2sQ4nxXpg0g6fbe9VJ65uoLDu11pDNAJAOCTO_Peqm_69_q_uSHUmSUp4bQZ1NOBXd6dnbGtuszDTqVC59fv3RgM7ClexlD9-MudUCxEXNrcekkVvnK5OYCGNcZBr2VtVF2qsDkvbRYFg9N4qqnpg?fife=s16383, https://mymaps.usercontent.google.com/hostedimage/m/*/3AE5a_GyDFzFJQzg9Dl5BE3DqDLHnnd75UCEigxpfGqKNHo3nDx2QG4XHxwvFbRdyF4-XDJiXkQn1Y5K78381HRpaoGAj_peWEmdMHV9QMeZisMPgd3plner2evrpD8xm9TlUczq566uIxeks-T42ulndSnGSFgtNV_GENxw7mdBgVRkQ66K9eOd2LenK8Vx6QyAq9kd4gg6cz_ZpHQ?fife=s16383, https://mymaps.usercontent.google.com/hostedimage/m/*/3AE5a_GwWjef7OkJlXZ7gulFs9GJ3VSwS54ebFFCayfQgIyepSrc-SFhmvskp182Cat5J4nT-TfcXuOK_3swIF0M6sEUwHSYlh7nY0zFT2bq0uSwZiDBqsF5bg3shS-LQaQjZKycApw1G08lpDg74-qWg16nvhYQik35eJhmjUUXiuLVTnPxEixNlvx15n1y7MfS6pCEQxCAnd2xq?fife=s16383"
JANUARI - FEBRUARI 2023,Tanah Longsor Desa Mantrianom Kec. Bawang,-,Tanah Longsor,Desa Mantrianom Kecamatan Bawang,Dusun Karanganyar RT01/RW03,"-7.401327, 109.622421",-7.401327,109.622421,"Rabu, 04 Januari 2023",17:00,"Hujan intensitas lebat terjadi di wilayah Banjarnegara, khususnya di Kecamatan Bawang yang mengakibatkan Talut rumah Bpk.Wanto dengan tinggi +- 2 meter dan lebar +- 10 meter longsor",Dampak dari kejadian tersebut yaitu mengakibatkan tertutupnya akses jalan desa,NIHIL,NIHIL,"- Melakukan asesment awal
- Pembersihan material oleh pemilik rumah
- Himbauan kepada warga masyarakat",- BPBD Banjarnegara,- Warga masyarakat Desa Mantrianom akan bergotong royong untuk melakukan pembersihan material longsor.,-,"- Bambang Tri Anggoro
- Aldi",,"https://mymaps.usercontent.google.com/hostedimage/m/*/3AE5a_GzF4ZjHLKZD39ky8N2mBYMuRp9-BGl1QyiF7TivH-MsLRRunTLnXaAbCMplErlhPRbIbOcrrlEBSiXJ7XP7QdgulcIwCDIvySe3SVtd5AOTbrAfA16Iyme8NrPxxkfKFYdgju1IbmOuDUcdLURhl8t2_S5qIpNMs7hQ8c6zJ42XDYEZiab8Lx26GVUf5ZasKSonb8L9_gzDjQ?fife=s16383, https://mymaps.usercontent.google.com/hostedimage/m/*/3AE5a_GyDGoUroTGwmNpXwS0UG4aDMULOlXJEelNH0wUxpXxbF6LdoFeEAU3RgDA3wJh64acMeyc3fxft9arpzdU-cVg3LwClmHvUhvYPfny5vyaAwAdAmk4MToco0B1c9nKDgJcMwsVmrWndbIqMyYlo0Ds12HVzpt5WSgiGt1J8L9qmJz3qwM-EUDFw-J3uk2cxyHV4ORnrMrxAhg?fife=s16383"
JANUARI - FEBRUARI 2023,Tanah Longsor Desa Mantrianom Kec.Bawang,,Tanah Longsor,"Desa Mantrianom, Kecamatan Bawang",Dusun Banjarsari RT04/RW03,"-7.403489, 109.618073",-7.403489,109.618073,"Rabu, 04 Januari 2023",17.30,"Hujan intensitas lebat terjadi di wilayah Banjarnegara, khususnya di Kecamatan Bawang yang mengakibatkan debit air sungai blimbing meluap dan mengakibatkan tiang penyangga Jembatan Ambruk.",Dampak dari kejadian tersebut yaitu mengakibatkan pengendara roda 4 tidak bisa melewati jalan tersebut dan harus melewati jalur alternatif lainnya.,NIHIL,NIHIL,Melakukan asesment awal,"- BPBD Banjarnegara
- Koramil Bawang (Babinsa)",Menghimbau agar warga masyarakat menutup akses tersebut di karenakan membahayakan bagi pengendara roda 4 maupun pengendara roda 2.,-,"- Bambang Tri Anggoro
- Aldi",,"https://mymaps.usercontent.google.com/hostedimage/m/*/3AE5a_GwR70is86T8iGf6gAARuIPC7wxn31KPafJ6Q_WbDFRZ1mnrFBaNWFL7tiQ2NumTB6rUAnZkvon-WS1VCCqW39ZyH6Yor7LdAbCOBnk7Uf_lV_rKEJr9krdAmEptJwgii267dMSCDFQqfa2fAuQOOJZEKfGTzZ8GmVgY6tbgZo-1UkOu8UQFbaXjk-GZZJYJzu4fQJvhBDTgiA?fife=s16383, https://mymaps.usercontent.google.com/hostedimage/m/*/3AE5a_Gz1RCn_NJWTNQgK6xQWL4mSW1zM6RyqxtgQbF6pYxM9eq4IeqzlqzzMS8BfgdYMaN_aMiTNtl1TJ99scmp1WmwPL4-H_k8iY8FYshO4PRRF91U0MStG5DBwkmNXguZ4Kf_JIaZoDntHuDm-WsUSSna7yIh5Nq7OYx8LCEYkix5o2PIE4olSIVPYF8cTiiZq52m_o8sJoJcvkw?fife=s16383, https://mymaps.usercontent.google.com/hostedimage/m/*/3AE5a_Gx9xuH7PKMvDasI64QQ9mGe7CkiW3GQ-HYIehusxT9L2jMzZ5nkQSG0WzEzwMxmOCF4itvsdyZ_avE6eHJ-Mqg4Qcrs61j-GBhfNk4CqgSy1vy5e-M0n-04txMs5aPcxccPnhWcToJGjFioIXxO_xK-FfjyNXZTEmWX6eO5HhsqJWsgl49UJ6NyQw0wYNL2sdhwHL7n1CMTBg?fife=s16383"
JANUARI - FEBRUARI 2023,Tanah Longsor Desa Gumingsir Kec.Pagentan,,Tanah Longsor,Desa Gumingsir Kec.Pagentan,,"-7.3276464, 109.7805881",-7.3276464,109.7805881,"Kamis, 5 Januari 2023",20.00,Hujan beberapa hari yang lalu mengakibatkan jalan penghubung desa gumingsir - kalikidang (grinjalan) amblas kembali dengan kedalaman 4-5 meter.,"-Untuk Sementara KR 4 belum bisa melintas.
-Akses Jalan Warga Masyarakat Terganggu",NIHIL,NIHIL,"- Cek Lokasi
-Kerja Bhakti Masyarakat membuat jalan KR 2.
- Himbauan untuk masyarakat sekitar tetap waspada apabila terjadi hujan",BPBD Banjarnegara,-,-,"- Fahri Susanto
- Widia Dwi. K",,"https://mymaps.usercontent.google.com/hostedimage/m/*/3AE5a_GzqpEQtDL6ikIE6CXAS2Ubq-cLhgqcDIcM9ooRp-TygL5fTEGL2kne6sZ1rH9AxXPk_mLEnTPVKfnR8KIUqdPtHiOHnT4vvB_5l7xqfHYkxiJ7XxqiiOUwaWzOmtVjE_onWDlDO72N-OfKdIPsnDR8Q_LJtUJlEVUsBOUorQCOkTPU8nDH4MP39Qh0zw_RFSyEZ6yEzwIcIMA?fife=s16383, https://mymaps.usercontent.google.com/hostedimage/m/*/3AE5a_GzirC_oMDqbt5kSS364yZhQ07Z-xxwBksf_W9DFPw1wtT9nlKPz_bRHAYg8Hek7LuiOwEu4WGU5yYt_HLCNBDYiD1k4IhCXAhd1hZ9fDfV4a0MzRNQzSA3JZawNW1iHxM39vKIQnB_Z-5P50AXxpLehA-0bojPNav_9HKZSzwQzNV0uNKlMWOLvkc3OM1unkqmXvmANhMjo?fife=s16383, https://mymaps.usercontent.google.com/hostedimage/m/*/3AE5a_GxeeoEnO9xhPkoIsXRm8sfvBZofOB2TTJOa44kaa8y53HSYW0I28_T8v2We3rfBWqovvGUE5x3vjt3dvjBmWSyDgwoaaybXh4wRByyuOLm-Md58zkgtUhF843P1w7OG32sePBp3A1MP7SaYb8uoK_i4zP54_3m8-eRqzayv7QclDSATW0M3a8sGBGb-nwBCKkh-hB6NknsSEA?fife=s16383"
JANUARI - FEBRUARI 2023,Tanah Longsor Aribaya Pagentan,,Tanah Longsor,"Desa Aribaya
Kecamatan Pagentan",Dusun Kemiri RT 2 RW 1,"-7.349346, 109.767043",-7.349346,109.767043,"Sabtu, 14 Januari 2023",21:00,"Akibat diguyur hujan lebat dengan intensitas tinggi, mengakibatkan tanah perkebunan milik warga amblas, sepanjang kurang lebih 500 meter dan lebar sekitar 100 meter. Jarak Kebun dengan pemukiman Warga kurang lebih 100 meter sehingga perlu penangangan lebih lanjut.",NIHIL,NIHIL,NIHil,"-Cek Lokasi
-Pelaporan ke BPBD","- Koramil Pagentan
- FPRB
- Pemdes Aribaya","- Himbuan kepada warga masyarakat untuk selalu waspada dengan adanya curah hujan yg cukup tinggi dan durasi cukup lama.
- Berkordinasi dengan Pemdes Aribaya untuk melakukan kerjabakti dengan warga masyaratkat guna menutup rekahan baru di lokasi tanah amblas. 
- Asessment lanjutan oleh pihak terkait.",- Slamet Kadus Aribaya,,,"https://mymaps.usercontent.google.com/hostedimage/m/*/3AE5a_Gy4TRianSsI2EGeOCRNwQq_4B9uGHc6B6n7YFwEcHwqJwbBBbs8VLJIm7oDkHcQYTg8zqNYpeu5ojxuiD0Gq7xbr0l2ZXIbHI_W-6daFp2fwefrglBKp9KLt4iAmNbN81mvv_SC8NPw8zsxLS1RWjONKs9g5pVfUJFAekriQQ7IRAgXZlzoWnl2i6C8fWSlWBaBmP84or2k2Q?fife=s16383, https://mymaps.usercontent.google.com/hostedimage/m/*/3AE5a_Gx0w8O7bIq8X1rgyYYmRzLGQfRdhd7wi4Wc3WgTAWBo0moSCKyuXfeWCHUm3OVcFMW8lGVWFmqlrkMZMrjEMmi0LoXEMoIWUqafvhGAGvYxiGRuHgl9cBwvqJeoX68xBICsa4SAkSezjkxZJDt_YHuw442oZCZAFn8_50UgZltboIApXqkvEnGQfU2aXicHH9Vrbh0eH6PP?fife=s16383, https://mymaps.usercontent.google.com/hostedimage/m/*/3AE5a_GzAqHI4wMgUnHtK5OD7RSGdDr7vSAQZPfmzR68geP1Zb7n-jWkfRkgDKfHB7L6Ok4TwlCBoW-4P4z5NXOevbvBGDEUPCnQO6ywxj_GJg897RsFMskleiQ41plyvJrSNCB2gBqhhn7tH1pscuwDDgUHxLGO1d1AbWooIFiJSloP-58aSTk2JTds7Pkt_4srh__vgj9JYLgiaOw?fife=s16383"
JANUARI - FEBRUARI 2023,Tanah Longsor Desa Jembangan Kec.Punggelan,,TANAH LONGSOR,Jembangan Kec. Punggelan,Dusun gemanti RT 04/08,"-7.3109778, 109.5826096",-7.3109778,109.5826096,Selasa 24 Januari 2023,22;00 WIB.,Pada malam hari tiba tiba talud dan dapur longsor sehingga sebagian rumah rusak sedang dan bagian dapur terbawa longsor,"Pada malam hari tiba tiba talud dan dapur longsor sehingga sebagian rumah rusak sedang dan bagian dapur terbawa longsor, 1 Rumah mengalami kerusakan pada bagian dapur",NIHIL,NIHIL,"- Melaporkan kejadian kepada pihak terkait
- Kerja Bakti
- Cek Lokasi
- Distribusi Logistik","- BPBD Banjarnegara 
- Dinsos Banjarnegara
- PMI Banjarnegara
- PEMDES Jembangan
- Warga Masyarakat",-,JARWADI,"- Sewoyo
- Parwoto
- Ismail","JENIS LOGISTIK YANG DIDISTRIBUSIKAN
BPBD
- Beras 10 Kg.
- Mie Instan 2 Dus
- Gula 1 Kg.
- Kopi 1 Pack
- Saos 1 Pouch
- Kecap 1 Pouch
- Wajan 1 bh
- Panci 1 bh
- Terpal 1 bh
- Sorok 1bh
- Spatula 1 bh
- Baskom 1 bh
- Gayung 1 bh
- Ceret 1 bh
- Balok 4 Batang
- Reng 10 Batang
- Paku 1 Kg
- Karung 50 Lembar

DINSOS
- Sembako 1 Paket

PMI
- Sembako 1 Paket
- Kitchen set 1 Paket","https://mymaps.usercontent.google.com/hostedimage/m/*/3AE5a_GxWwNEhVP370Al-lsBDti0nO_oU4sZHE753JR-W2gg8diyqGhJzM7lAzxBGn1zP3nypY1jgPqT8zDyyJd3OU25RkHlt-gVyhJvNCvGLx52p3Ce3o0GQR7-uevGBENQpfcuaOCSXdLUsYBcgFFcCevxvDRNegY5-VlusfK52Co_Zk4xxDHlyxkQJLcLZ6bZhevpksb80VpPPgA?fife=s16383, https://mymaps.usercontent.google.com/hostedimage/m/*/3AE5a_GwTkF5LKumplByC1fgBQhHtBommutubw-_xJpUPIBboghtzoLxX3MgzxdANnTgaL1HVLUGxtjUcmgbLD78AREfllxaGIaCPh2mTUX_IGKGg43ue-GOymDOVLOsMZoJoQ8b_jQ0fWYycPWGSEmItDdn8ysQO_LTfNW6JqE-_1h2sPeCvlTKJiccY0wRWGkBosbUrjxxY_RgMEg?fife=s16383, https://mymaps.usercontent.google.com/hostedimage/m/*/3AE5a_GytYwwU20urRh3yT597lZxftbhlFRcF4cXardhfmmrpHadjcw0kd-U6mEnk1yTcGW0zCxI5FDSjlnag-eBl2__W0mCm5IfmXXwuky-GVSu5vn6C5hNt7I7_mP9-2jGeNaTxyUw5M_N04ijK6bBNM6XPbYgDOLcz62ncdCADXERC-ujlHlw5qQe_okmz_0UXs9FY1Xhg8W2UAA?fife=s16383"
JANUARI - FEBRUARI 2023,Tanah Longsor Desa Salamerta Kec. Mandiraja,,Talud/Tanah Longsor,"Saluran irigasi induk kalisapi hm 27
Desa Salamerta Kec. Mandiraja","Saluran irigasi induk kalisapi hm 27
Desa Salamerta Kec. Mandiraja","-7.493231, 109.467721",-7.493231,109.467721,"Jum'at, 27Januari 2023.",Pukul 05.00 wib,Hujan dengan intensitas sedang hingga lebat yang terjadi di wilayah Kec. Mandiraja pada hari kamis tanggal 26 Januari 2023 memicu terjadinya talud /tanah longsor serta kemiringan lereng -+70° dengan panjang -+ 30 m dan tinggi -+ 10 m,"Mengancam bangunan Sekolah MI Ma'arif Salamerta
- Menyempitnya saluran induk irigasi Kali Sapi hm 27",-,-,"- BPBD Melakukan Asesment 
- Melaporkan ke Dinas terkait
-Memberikan himbauan untuk tetap hati-hati dan waspada ketika hujan dikarenakan bangunan sekolahan masih digunakan untuk kegiatan belajar mengakarnya
- Pemasangan terpal untuk menutup longsoran","- BPBD Banjarnegara 
- Pemdes Salamerta
- Komite sekolah MI Ma'arif",Koordinasi dengan pihak terkait untuk penanganan lebih lanjut.,- Pemdes Salamerta,- Sewoyo,-,"https://mymaps.usercontent.google.com/hostedimage/m/*/3AE5a_GzpaZTO0hwL4yZeKikC_dXV6KfveTFmR4UPIIaXS6_cfO4rCrvn7rRIlKZIOVuYIG0BAFv14Eu1rFA-2NAIy1UK_7YR6HasbeD0PTcOXlRW0A0XknCIBRmp2tawPbPWLb7Gpe2egHtePgJLQMkfwSRU1b41uga36aE1XIdTvFdxzMm82JRkWPbg9knJLfKH0AWlS0PaidVs8w?fife=s16383, https://mymaps.usercontent.google.com/hostedimage/m/*/3AE5a_GwoP-TpGhe8rF-T2_m3mYqqD2c7p0HDKWTIlyZmXQslx0xA8l3q6v4wdmLBLZ4yHvLleoLEN_JW_N8gdq0QMVxXadcla6fGO6FvLhywXLSJ0NVmG2NDpLruQOaR-Tkuu403t5Xj1_8LdIn8_ic_BgrVGHpMjL-8GEi5zn7L-h1_PMfvJDFidAPC-ZHEB_DpVBTQ6mvNyGJX4w?fife=s16383, https://mymaps.usercontent.google.com/hostedimage/m/*/3AE5a_Gz_rY3nx2-_apuxBQQRPiCN_eT_XJ3b4pt5h5u-hIb9jKKkb8R_8OxkRGQ9XNUqZ-BkmWSTcR246UccU2qSUY1oxIqkxREFJ7_x2JqxT4nCnKbnMEsvdKHGubAAXo2u2RZfIraEFotPFKJe1LyNf_Tk9igP9nEddBEI2tB_uOiWsIFV1an1KkRfZ_Nopdu8HFGDFHVQVVirfQ?fife=s16383, https://mymaps.usercontent.google.com/hostedimage/m/*/3AE5a_GwF1wmBGMdP4bzsUH4LC-zYlelolnr8ZXGL6TLjmNEu21sqplfvMtFIE7t38BQScHus1AF0u-8Cu4Fua6F77C-URAIH23oiTibaUjrapD645dnhXeOZx430maX_PaRMocozlFDMHCWMNpG4VLGe8tP-JzbeLO4u1xXxTQ0yF6OZYZL39HWzGOLNAb86C4sbPos_XqbCAblU3w?fife=s16383"
JANUARI - FEBRUARI 2023,Tanah Longsor Desa Karekan Kec Pagentan,,Tanah Longsor,"Karekan
Kecamatan Pagentan",Karekan Kulon RT 1 RW 2,"-7.278336, 109.784185",-7.278336,109.784185,"Selasa
Tanggal: 31 Januari 2023",19.30 WIB,"Akibat diguyur hujan lebat dengan intensitas tinggi, mengakibatkan tebing sepanjang kurang lebih 12 meter dan tinggi sekitar 6 meter longsor",material longsor.menimpa rumah bagian belakang bapak partomo,nihil,nihil,"pembersihkan material longsor, distribusi bantuan","- BPBD Banjarnegara
- Koramil Pagentan
- Pemdes Karekan
- Destana Karekan",,"- Bapak Slamet (Kadus Karekan Kulon)
- Bapak Partomo
- Bapak sugiyanto",TRC 04,"Logistik BPBD Banjarnegara
1. permakanan 1 set
2. terpal 2 buah
3. mie instan 2 dus
4. beras 10 kg
PMI
1. Permakanan 1 paket

an. PARTOMO
1. Balok 5 btg
2. reng 15
3. mie instan 2 dus
4. beras 10 kg
1. permakanan 1 set
PMI
1. Permakanan 1 set
2. Seng 5 lbr","https://mymaps.usercontent.google.com/hostedimage/m/*/3AE5a_GwN_J3YvyBWMmBQzwj95mK6Tv5bR941T8t3qvyidzu1KIJA5JeerpQpw4a8_aCAHcaVK86MTX2Q9M7Wpw-ARJSHte91z97Yf7x93Ltif4Rx3V1hrIaCcapjAvsKEqL7KPGzPS6MBu6n901iJsCt_GqXd1iqSAyB05pSvxJt-BOp1PRPu6V4aPRrs11SCeWIVuPqiuOS2cSY?fife=s16383, https://mymaps.usercontent.google.com/hostedimage/m/*/3AE5a_GzLF1f4YNCZKsyJjcTWfhnUdwxuTWGcf7jsFN5aVU2cK_33guemuqEulKarY6brM5v8Y3EiMz4RWHNk6trfk4-az8rqynvAIPMw_wS2xad-7wwej2VCblm38JtGsFRb-i-fHziD-Ngmw8xi-t9Z-h-q9BMSv72tqlmMo3hrj09qQ47xcP5xhVmxbscvnn21cwR7Kw8b1WJA?fife=s16383"
JANUARI - FEBRUARI 2023,Tanah Longsor Desa Plorengan Kec.Kalibening,,Tanah Longsor,"Desa plorengan RT 1 RW 1
Desa plorengan
Kecamatan kalibening",SD 1 Plorengan,"7° 12' 7.9096"" S 109° 39' 50.6999"" E",-7.20219711111111,109.664083305556,"kamis
3 februari 2023",21.30 WIB,"Akibat diguyur hujan lebat dengan intensitas tinggi, mengakibatkan talud tebing setinggi 5m, panjang 20m belakang gedung SD plorengan 1 mengalami longsor sehingga menimpa bagian belakang SD Plorengan","Ruang kelas 6 SDPlorangan bagian belakang mengalami kerusakan tertimpa material longsor.
Tidak ada korban jiwa",-,-,"Kegiatan yang suda di lakukan pembersihan material longsoran dan penebangan pohon yang ada di atas longsoran oleh Warga masyarakat bersama Destana, karangtaruna, Banser, tim SAR PGRI, Koramil kalibening, Polsek Kalibening, PEMDES Plorengan, Komitedan guru Sekolah","- Banser
- Pemdes Plorengan
- Destana Plorengan
- Koramil Kalibening
- Plosek Kalibening
- Tim SAR PGRI
- Karang Taruna 
- Komite dan guru SD
 Plorengan
- Warga setempat","Himbuan kepada warga masyarakat untuk selalu waspada dengan adanya curah hujan yg cukup tinggi yang di sertai angin
- Asessment lanjutan oleh pihak terkait.","Bapak Kusworo (Kadus Plorengan)
- Niat ( DESTANA Plorengan)
- Jamil ( DESTANA Plorengan)",-,-,"https://mymaps.usercontent.google.com/hostedimage/m/*/3AE5a_GxGZ7p0-wbNX1KCQCsgznHHUlMaRdJaTrKBLlN6tPWuucIrbr174FMmScWBWGR661cRlSIMrEX-_NuXMyYG3WA4i4uLGCzly8YNsbd9dIXBHN6kSNlhq86kGCpnbZaHQyTTYi4mzDDgzAscVGO1dzICyWuF5C20evljIxcz07psJBsjwWPbHgHAcLnCkQ1JQ3zroE2DmVhd?fife=s16383, https://mymaps.usercontent.google.com/hostedimage/m/*/3AE5a_Gyd45og4yhKxb4rGHNmTjRCzk9vGKtR7qEp5WDi1zyDcmtFFrV1iFV6rGwjqb9HgUOmYryBHA0T0VKVg7Biq4l6nsfT4tY07zjdIsLWfBuk_i-fBgQ35d-yM9hy_lyxUldXB0pIvrEVJ5xqlJrTJBrClf9UP-sG6FEPUt3IGWpY5NIxvGPw-bikhQT7u58kzA7u_Ms3nhg1?fife=s16383"
JANUARI - FEBRUARI 2023,Tanah Longsor Desa Krandegan Kec.Banjarnegara,,TANAH LONGSOR,"Kelurahan Krandegan 
Kec.Banjarnegara",RT/RW 02/06,"-7.3926913, 109.6984865",-7.3926913,109.6984865,Senin: 06 Februari 2023,Jam :23.00 Wib,Hujan intensitas sedang hingga lebat di wilayah Banjarnegara. Talud  setinggi +- 4 meter dengan panjang -+ 12 meter longsor.,Material longsor menutupi saluran irigasi dan menyebabkan aliran terbendung,Nihil,Nihil,"-Asesmen 
-Menghimbau agar warga masyarakat tetap waspada.
- Droping Logistik
- Pembukaan saluran drainase;
- Menutup badan longsor dengan terpal.","- BPBD Kab Banjarnegara
- Kodim 0704
- DPUPR Banjarnegara 
- Kelurahan Krandegan 
- Pemilik rumah",- Menghimbau kepada pemilik rumah untuk perbaikan talud kedepannya harus lebih kuat mempertimbangkan teknis konstruksi.,,"Daryoto,  Aldi",Karung dan Terpal,"https://mymaps.usercontent.google.com/hostedimage/m/*/3AE5a_GzftnVVY4_zUPuEDOgXT4Xn5wzfwMGUrPsK9U8K1ryP66a6a8PbMOXEVmkWAIdDBtQdxHfeJOeGZpN_Z5N8aOGo1KE4U0TThgWHNWBFAKhx8xfDWuEAhOHtnZU7EXjUrN8ujMuavQQ2rhDFKaG77_kVLDw498GZK9r2BoOLo7BSaBGDg2-GZd4iDfbVjkvGLZTjmRgrFOGtlA?fife=s16383, https://mymaps.usercontent.google.com/hostedimage/m/*/3AE5a_GzRaEC3G7-9QAQvGcD7tOx-qtfksq-oQtAks6MOcUL-ehsn1tHok8mh6xfGx_t0Qkj85fupIdLMUvZM-6865K5JAlcVgK9HO1C5NJYzoF3Dcx-CG1Zip1afIPvUKUvIKv_qpGJHbroGuSlyL2R3PGT1KtKVZPAAAWgdd-IMbzKpqlNbxbzaBN4MmlZVogsSfckV6eGCcXg72A?fife=s16383, https://mymaps.usercontent.google.com/hostedimage/m/*/3AE5a_GyG-9v_nr10TwXRRy8G55gHoWCfyqO6T-hqXfgv_QIt12crBO9TDL4R126UwvWs9pRqnueoGPHozKmUuD5MwcG8NyktoEa23xTN2JIalfNQ77M2a4Lh5eo22jfr-5FxCAIJgZs0aAL4QZ2cRnXdEhIUK5lPo7dDyJ8zekatXvzW776gTZl7r51cGtSlWOYWfNNSQbPazn6RjA?fife=s16383"
JANUARI - FEBRUARI 2023,Tanah Longsor Desa Twelagiri Kec.Pagedongan,,TANAH LONGSOR,Twelagiri Kecamatan Pagedongan,Sayangan 02/03,"-7.4140077, 109.6803642",-7.4140077,109.6803642,Kamis 09 Februari 2022,16:30 WIB,Hujan Lebat disertai Angin yang terjadi diwilayah kecamatan pagedongan mengakbatkan terjadinya talud ambruk,"- 1 Unit Rumah Milik Bpk.erwin Pada Bagian Dapur dan kamar mandi Ambruk 
- Mengancam Bagian Dapur Rumah Milik ibu Ma'i 
- Material Bangunan Longsoran Menutup Saluran irigasi",Nihil,Nihil,"Cek Lokasi
- Membuka saluran irigasi sementara
- koordinasi dg Pemdes
- Menghimbau Kepada Pemilik Rumah Untuk tetap hati hati karena berpotensi terjadi longsor susulan.Distribusi Logistik","BPBD,PMI,PEMDES,INSTANSI TERKAIT LAINYA DAN RELAWAN",,- Erwin ( Pemilik Rumah),"- Tujono
- Daryoto
- Ahmad Arifin",".(beras ,gula,minyak goreng)
Mie instan 3 Dus
Beras 5kg
Gula Pasir 1kg
Kopi 1 Pcs
Saos 1pcs
Minyak Goreng 2 liter
Kecap 1 pcs
Balok 5 Batang
Terpal 1 lembar
Karung 50 lembar","https://mymaps.usercontent.google.com/hostedimage/m/*/3AE5a_GzS0Miw8VinDHMmqW7RfkxFbECYMBWlp2oMRJAzXUpqZQFh-CjzNr1AKe7xo87dDm4xVSgW4WyAymMf3Zin6LGaI_d0-StpJyTR47XFysQR8d9cS-iyDy9vgIRyvxBcjCwcyIO8VcPsbZPwlNkYiwv4yIG5kJ2ElAf4N23pd1DNmV6KjmjZRzMpnTHDJpeCwNGjT-IECGtq?fife=s16383, https://mymaps.usercontent.google.com/hostedimage/m/*/3AE5a_GzPODIjTnog8B01OFlP8LmrNom_-Q-jBLy1CXNnhvnx6tRj0v6c4bPlOefl1g19g3HPRwyx8eGUuQM23YKgllk7tfFsqPfOnONqhb6uVT5lD8N1gie7w6DCuoiCezPvQV39_op4DNptRPAHE0kmcszQ1RrmaL9tVVUqQxQZRfXQOFbeAyNYoD8UcnIU0PziTLhxPYZZ4CCcLg?fife=s16383, https://mymaps.usercontent.google.com/hostedimage/m/*/3AE5a_GwmJnPg6EBPnbsZamAWIYaIz-ZUGToVuqYR7Xiphp85wS5iuwfamLZvD7OGML5kmcQY_wRfURWCqMxKrgcXwJN6niIx-by2dS41lfAve2-44d10Q9jpWzZyyjjWVrP1Eu9hasd_kaG_bChRW9YacHqpECW-qtVgPZziBhKNA_VOk4WE5z4Ge_dvcaYDdtdggIuNjKhhiNXpgQ?fife=s16383"
JANUARI - FEBRUARI 2023,TANAH LONGSOR,,Tanah longsor,"RT 004/001
Desa. Biting
Kec. Pejawaran
Kab. Banjarnegara","RT 004/001
Desa. Biting
Kec. Pejawaran
Kab. Banjarnegara","7° 15' 11.3"" S 109° 47' 6.1001"" E",-7.25313888888889,109.785027805556,"Hari : Rabu
Tgl : 15 Februari 2023",Pukul : 14.46 WIB,"Intensitas hujan yang tinggi dari 06:00 WIB s/d pukul 14:42 WIB mengakibatkan tebing setinggi 10 m longsor menutup saluran irigasi dan 2 kolam ikan, sehingga air masuk kedalam rumah warga.",Menutup saluran irigasi dan 2 kolam ikan milik warga,-,-,warga melaporkan kejadian ke pada bpbd banjarnegara,"- BPBD Banjarnegara
- Pemdes Biting
- Destana Biting
- Warga sekitar","- Menghimbau pemilik rumah dan warga sekitar bila terjadi hujan dengan intensitas tinggi dan lama supaya lebih waspada
- Pemotongan dahan pohon yang terbawa longsor","Nama : Bapak Prato
No Hp : +62 812-5918-8868",Bambang Tri Anggoro,-,"https://mymaps.usercontent.google.com/hostedimage/m/*/3AE5a_GykSL2Z5odkTrZWFgbR5MApSMDelvaiAleW2wr6N3RFR-0NSG9A7Qt-HvoWr2z_NS8gHKQ-EkaI2KnMhVRmY-Tz0zUQyIhoEEU0mTWAgrdIpY4URwgNnzkjwwUIzevu2ytSaP45ZDHoyypxHfnxpUYr0iV2U1hxswt7fRhapyjMOo851xsGmmZiYjG05XF26O1rxOP9iRkz?fife=s16383, https://mymaps.usercontent.google.com/hostedimage/m/*/3AE5a_Gy0XviNl5lxLg9YcyzueLP8f7jm2a9vKON0DIIellU5fTn7tAjd1hq0ivyAOCdMdSGpmn0HECJYPnCEkY2zCYhWopT58BY4Xc3-17QVqCIUOenfSKXFKFXY9bq6iOn1S50Xl_MWghU67xJtknzi6l1gLTfRqmJUxCcgmfFV2qQMpRpXq2_sXiMGst9H9J94jwrV5SejcODM?fife=s16383, https://mymaps.usercontent.google.com/hostedimage/m/*/3AE5a_Gzepb7q7om14RpeGC9s0k9E_WrBwxRqSC5MBvA5_-SnySg0238tYq-BRFoTOnxZeZBDCcRZgagb16ppyNX0kJzpax-bTZcMP1-nV9XBXf9XxwJN0iDjWkhDqorz-5oMEcgWUUa81PMaK8OKhYmCT0LExB-9Q2FemhiMYjS_3tMeT-EFLWhXFiVlA02itHkGPTIFUegWUvOu?fife=s16383, https://mymaps.usercontent.google.com/hostedimage/m/*/3AE5a_GwQQW9Q7cObRttrNpemidiu9TY5ois6yfKoE5vWJVBdfYBDw4s_s2iqwYCW1ODoqRnoUjsRg2e8JRc1Vb_EASv1KYSM3B0RtlhPCwAilFosKBbDjYWZYSiRMqw9Z9KtMDXhtQq1PRcZZIXNMIhtd57aQjQ6mCVwzJ27A4EmrF9DxY-3SqAJ9E9QlpXAVX2iYMp624A8_CZa3Q?fife=s16383, https://mymaps.usercontent.google.com/hostedimage/m/*/3AE5a_GwV_bsYDpdKIqfdxWEzO4adIylO0eOcLDG6O4kDKj0C9kZf_xD1nfKDCY6G1i_jiFxkYDvYSC98hRG8e8MzogtsT7z0-Sim--9ohK3lVEuSXEZGKkrwOXuUvqx_EsP2gwhdYr87jN6-AVI3eIhtsQ2C8Dz3MFrSkPaOrVCEcIxOozq9ucDTQ6kTFcOVFkaonHboPBuGhFBQ?fife=s16383"
JANUARI - FEBRUARI 2023,TANAH LONGSOR/PERGERAKAN TANAH,,TANAH LONGSOR/PERGERAKAN TANAH,"Desa Sidengok
Kec. Pejawaran
Kab. Banjarnegara",Dusun Pancasan RT 01 RW 04,"-7.2360225, 109.8360833",-7.2360225,109.8360833,"Hari : Kamis
Tanggal : 16 Februari 2023",Pukul : 16.00 WIB,"- Hujan intensitas tinggi di wilayah ratamba
- Kontur tanah yang labil
- Derasnya sungai pancasan juga menyebabkan terjadinya pergerkan tanah","- Lahan pertanian mengalami retak
- Infrastruktur : Jalan dan drainase mengalami kerusakan
- 1 rumah terancam milik Sdr. Lukman Hanif",NIHIL,NIHIL,"Melaporkan kejadian kepada pihak terkait
- Cek Lokasi","BPBD Banjarnegara 
- Tagana Banjarnegara
- Warga Masyarakat",Kajian geologi,Lukman Hanif 085728593144 (Warga),"- Sutarno, S.E
- Ismail",,"https://mymaps.usercontent.google.com/hostedimage/m/*/3AE5a_GxSepwsh5mqvIfBiFJCp5ffODp4aUhgNqUQwnJL7ThQjzq3mZl6dlGmOxgvPCqdOPky60OFYyB5JPbe_8qJYVfn3uFp1QdNkJdU2vXkktstAs9aiMzh4AZ4UPoL_4Hbi6sPESaJ4Rk9RCU6puB84ztSrXt9gQrLdSQCayY1GvdJxtgPcyIQy8q9ITZ8LInGHDkRK7tRdFLF?fife=s16383, https://mymaps.usercontent.google.com/hostedimage/m/*/3AE5a_Gw6aYEI14Bqdvch5MrWf7SDr-mMfL25ZBsz0wrwmU20qeC_xbnSCeKGUafg7NmaGHsc_QA_52pMjYQ7mN9u6nIZdKZYGqhBhCecK2d8DBQKGi-u70nznwmbVzRJ8O6Z84W1d0iLMj3I9vUlj0-vAsIP-sBHTpOXcC0PrabVPSqgie_nrKQTioWs4ZbbX4b6PvuEbIGqRcBpcw?fife=s16383, https://mymaps.usercontent.google.com/hostedimage/m/*/3AE5a_GwP26QEe4Jr71FRMCjR_Zbq2WgtA7Vk9Mz7OPMVZgwWgR2YZa5_QeTWTXs3nc20Ul3qjijKafLlKbuUM0kxS58IDlGd7g4znFWsohX9iZsOxZkHvY0M9ibw_UxZdqsIgPRAY3W4gx3Zt5QWFxpAj6yrKxnrKGXDhWnjY-wiX2zVNVIe8KhyL_Exio9JDzv_jR8oBgbGnAXX?fife=s16383, https://mymaps.usercontent.google.com/hostedimage/m/*/3AE5a_GxKT2EkzNM7OBwCDydONNnALw98-8ZBMPaekt6RlqQo_WJ8hYpum0bUow_Ib7nLhP2EvooWJ2khv80h9jhwcU-vCbiPDFIK86bNPfNWzVUDCoae83TXkIvictXJTKVWUwLKrEPXoO7tpBOhyzvXSU-KP9azDKFkLnyA4q5P9kqFjOC2JUM9BiEBru2sSFSaiBc-fqsURTNd?fife=s16383"
JANUARI - FEBRUARI 2023,TANAH LONGSOR SARWODADI PEJAWARAN,,Tanah Longsor,Desa Sarwodadi Kec. Pejawaran Kab.Banjarnegara,RT.03 RW. 02 Dusun Biting,"-7.2445833, 109.7776667",-7.2445833,109.7776667,"Senin, 20 Februari 2023",Pukul 16.30 WIB,- Hujan dengan intensitas tinggi yang terjadi di Kec. Pejawaran sejak siang hingga sore mengakibatkan longsor dengan ketinggian tebing 70 m dan Lebar 35 m mengenai jalan Desa yang mengakibatkan terisolir 9 KK karena jalan yang terkena longsor.,- Longsor pada lahan pertanian warga yang mengenai sumber air dan mengakibatkan terisolir 9 KK dan 7 rumah warga,Nihil,Nihil,"Melaporkan kejadian ke pihak terkait
- Cek Lokasi
- Mengungsikan warga dan ternak","- BPBD Banjarnegara
- Koramil Pejawaran
- Polsek Pejawaran
- Pemdes Sarwodadi
- Warga sekitar","Menghimbau pemilik rumah dan warga sekitar bila terjadi hujan dengan intensitas tinggi dan lama supaya lebih waspada
- Mengungsikan warga dan ternak ke tempat yg lebih aman",Bpk. Gatot.S(Babinsa Sarwodadi),Bambang Tri Anggoro,-,"https://mymaps.usercontent.google.com/hostedimage/m/*/3AE5a_GxTWNCCjB9YIQJfxMshsMxUH8FSXSYlSH2hVgtRPd-7qa1Fgxvc5TS2H5HedRffXmm6VOolFq2VadDuXO4y-LkaMJ3TAuU9Zb2ng2y6epxUtC5VRcjCsCtaVR19mfyZcGs7SrH4GXqzoKW0kbCeUBJ7FI_64llloB4qgPz6rf23Bapo_JwQX-O8kGepRsgEvXS__wG3oSHR?fife=s16383, https://mymaps.usercontent.google.com/hostedimage/m/*/3AE5a_GxUYWRi9D36KC2-nVW2hXWtyS7eGpqsbxgVIvze0qmZYLsgWO5VHDpmObz6Yjn4CjN_acntwOD5aHo9-kryrB7UeiOx07tOC-1nA2CGkoqU6W-gQWK3rSINQP0akylkSlNtgXoKEHMnkVkw9ojY_Aj0AXP5ONfbvkO0yDOtcyZ4OXbSDHwUVQv-Eddb9Bv230qMM3D8t7nW?fife=s16383, https://mymaps.usercontent.google.com/hostedimage/m/*/3AE5a_GwdAgYOlvo07otaHS2N39Cuyi4RuX60L804UT0ttH3H477LCMNSOasaHhPAGU5hMIkPcFX2obAkWzbRBljbiJFrhsYlrVh1o2tPbmvMobY0VlSuW-YxEfa7gsj5ygUbpeKsMiUjjtzTCrzJroLDmx4tHZv5WhCFt1jKKr0X6SgIHhNjF1O-8J4v5Bj-euy8r6fP3XRNvmuu?fife=s16383, https://mymaps.usercontent.google.com/hostedimage/m/*/3AE5a_GzQgISbLoDbp7qvUrkvWNqPO_imSJJYaBC9Y7QaY3uWj4_hXpQR4UBfl9U2IVkZ9khuyyEvrzLOUvSx7j0PBPu3APyPph0ZTfHtVOS4PVllgwEWH5tyHDhcySAsNeVtGIXM5E8u_hrilnqv90A8ws6pJ_gN7RgDHajijHrd51FDaUQYNfiHrmUpg1LdnUW4zLQWojZkZUnt?fife=s16383"
JANUARI - FEBRUARI 2023,"Tanah Longsor Desa Metawana
Kecamatan Pagentan",,Tanah Longsor,"Desa Metawana
Kecamatan Pagentan",Dusun Metawana RT 2 RW 1,"-7.319268, 109.7945863",-7.319268,109.7945863,"Kamis, 23 Februari 2023",15.00 WIB,Akibat diguyur hujan lebat dengan intensitas tinggi dan berlangsung lebih dari 6 jam mengakibatkan pergerakan tanah yang sangat signifikan yang mengancam pemukiman penduduk dan Jalan Raya Propinsi.,"- Rumah bagian dapur Bapak Sunarto 76 tahun mengalami amblas dan retakan bagian lantai rumah.
- Rumah Bapak Kus retak
- Bengkel milik Bapak Sugeng mengalami retak.
- Tanah perkebunan salak milik warga mengalami kerusakan yang parah kurang lebih 4 Hektare dan berdampak pada keberlangsungan ekonomi.",NIHIL,NIHIL,-,FPRB KEC.PAGENTAN,"- Himbuan kepada warga masyarakat untuk selalu waspada dengan adanya curah hujan yg cukup tinggi dan durasi cukup lama.
- Penutupan retakan
- Asessment lanjutan oleh pihak terkait.",- Bapak Efendi Ketua Destana Metawana,-,,"https://mymaps.usercontent.google.com/hostedimage/m/*/3AE5a_GynpInoYme1Gs-cJ_NyPB07JM3_W4VSv0qVKfc9am_HqCe3drk0QdlmHtQ5ebGJnNybEH0THxEQ9Tfl6RXpO_r2fDz4M9z3pHtMK4qzxw6W3NxvhVeVAVrYebKnbC_PKK4PCaphQ3iYgUMqFhjO0IB2CZjZYnQjMRpAnAtk-YH2B1VrOylBcFNs9Yi9Oh4NT5Pq4ZYkTRuHuQ?fife=s16383, https://mymaps.usercontent.google.com/hostedimage/m/*/3AE5a_Gy_RsQ4HruLWTr6oH2JbWfYeCR9TjSegpVWobKHilio4X3flPwCxbkI4wrNrVJizuM3ER1ZVZ0jgl8wMol081aBGxnYVcr0HbpwWMuoGgbNTZroQ8VXIgFPxf7MjcEiXlj8a8FLlqCNSNYft69y8sf6hDWcRwHWfZ3DDEeHX3bAzMzcoo8-YCCfHTSh9yCFvaWewX8iHbLZEw?fife=s16383, https://mymaps.usercontent.google.com/hostedimage/m/*/3AE5a_GyvGyH7qs88xVfU654FM8wNu2VTAI-0JvoVAyzKGLED-H9lLCZRMu7zxzF1DVp1PYZMSPOoID9LVB1c-EEGavcaIYvhknX5iMwB8CJyE_qe0Snj61Fijr1ENgooGVubFM3qmkV1mH0xN-3C8KsQw1EUFRIQIYsMJ66gGfd9U-mykEgqxWUasTW4I6pmk4hPe78SpGmeCoaP?fife=s16383, https://mymaps.usercontent.google.com/hostedimage/m/*/3AE5a_GyCo0ZfFyotcahDIY_ZVUcVWCxdOMOtleq_EdRxmx2oGmHsawcdLxg72rbV0IqvbyRnX-XkQrgOXf79dbjA-1ookfAbcY487SP1L9xAjr-XcSkm7NT_nbsqYWWDa9qfvRkLF8YF_cZkbA6ITJ-ep6VlIURUrkavGOCv8qPc74k6tHkIQq9Q8dklTfKBMC8HgV625z2Mb8Uy7w?fife=s16383, https://mymaps.usercontent.google.com/hostedimage/m/*/3AE5a_GwYBjYQdCDGtZmRKbjEt00J9EIVOvS2wvMey1be1RdjRR37m-lo_QL_8S0Wz4TWt2XMEci32Bp3ip0W3vypOaNV8K_4I2IMHnfsDCrLdvEkBQsk3uzE1A25pmX1o1qEkggyoNoIqhSmT-TZ-l_z9W8fvWP_ObN2zGvKL2NaMSgFeI5717e7oEiYsScTXN9RIzLOfKt8IwDiUA?fife=s16383"
JANUARI - FEBRUARI 2023,Tanah Longsor LEBAKWANGI,,Tanah Longsor,Desa Lebakwangi Kec. Pagedongan,Dusun Sudimara RT.05 /RW.06,"-7.4634043, 109.6552078",-7.4634043,109.6552078,"Hari/Tanggal : Rabu, 01 Maret 2023",23.30 Wib,Hujan deras yang mengguyur wilayah desa Lebakwangi dan sekitarnya mengakibatkan tebing setinggi 6 meter dan panjang 20 meter mengalami longsor,"- 1 Unit Bangunan Rumah Semi Permanen Rusak Berat Pada Bagian kamar dan Ruang Tamu
- Ruas Jalan Desa Tertutup Material Longsor
- Saluran Pamsimas Jebol",Nihil,Nihil,"- Koordinasi Dengan Pemdes Lebakwangi
- BPBD Melakukan Asesment
- Kerja Bakti Oleh Warga Masyarakat
- Droping Logistik","- BPBD Banjarnegara 
- DINSOS Banjarnegara
- PMI Banjarnegara
- Posramil Pagedongan
- Polsek Pagedongan
- Destana Lebakwangi
- Warga Masyarakat",,,"- Suryono
- Heni Sularso
- Ahmad Arifin","BPBD @ Paket isi:
Mie instan 3 Dus
Beras 5 kg
Gula Pasir 1 kg
Minyak Goreng 2 liter
Kecap 1 pcs
Saos 1 pcs
Kopi 1 Pcs
Balok 5 Batang
Reng 25 Batang
Terpal 1 Lembar
Log permakan provinsi 1paket (beras,mie instan,minyak goreng,gula pasir)","https://mymaps.usercontent.google.com/hostedimage/m/*/3AE5a_Gyx2OnnZBMvpccG-0JZBUr2AO-sbZXm4CzCuCXDam1AsQ8T191wsTUiT9vwGnPkBNcGXFptmVH2z0LESEK4ltvwPcK6YhYUSvb1y6XzGteGC1rqIG-rg6AGZKhDZmW5fvBk6aKNPF3Yuah589LnYFSNKmH8K4_JfzcJbTG1631iSLswBppCZ1lFCOCaY28S0b7_6EcSD52P?fife=s16383, https://mymaps.usercontent.google.com/hostedimage/m/*/3AE5a_GzIBLAC1Y7EVCSQzWJ3jQ1QJ-IePoy6_0zHALkHeqGnLHtvlSSPJUeG5_Szf0udYtFZ9wZevlcOmNvgszy8GzNGlOpCl_Id85Ch58LA__pRD7FTwkf6Y0FiiNKQtRqJrxl4x8uvGnEcq6zzNZdV_L3JEBgYNcZNRL110KWOdXASyymnzJJt3a0pa9olKuIEcsKYUHxG0555?fife=s16383, https://mymaps.usercontent.google.com/hostedimage/m/*/3AE5a_GwpstvlvxjN6mbaj3Yr8ZXX1kQq2tyTUXDYKHJFf2XFfuVuvEcGjnnQWthApoKViROrLcMV2fpgvOsbVzmM6AIa5yFoAQ9iNp2SUiSaS219Ol49DQBAbhRyQjGtZm-zDcxuEyjS9y4NwFBbIsMOK_kS2cwI2y6tme0ZpyjB-fXErvB4jodAneCiXZ7xrV9PVgGDjMrhkQT4?fife=s16383"
JANUARI - FEBRUARI 2023,"Tanah Longsor Desa Plumbungan
Kecamatan Pagentan",,Talud Longsor,"Desa Plumbungan
Kecamatan Pagentan",Dusun Midari RT 1 RW 1,"-7.306182,109.800027",-7.306182,109.800027,"Hari: Jumat, 10 Maret 2023",Pukul: 22:00 WIB,"Hujan deras dengan durasi lebih dari dua jam yang terjadi di wilayah Kec. Pagentan Kgusunya di Desa Plumbungan menyebabkan talud Rumah milik Bapak Wahid Syaifudin (72 Thn) 5 jiwa, dan Bapak Bardan (35 Thn) 4 jiwa, mengalami longsor dan menimpa bagian dapur milik Bapak Slamet (35 Tahun) yang berada di bawahnya.",menyebabkan talud Rumah milik Bapak Wahid Syaifudin dan Bapak Bardan mengalami longsor dan menimpa bagian dapur milik Bapak Slamet Kus yang berada di bawahnya.,-,-,"Assessment
- Kerja Bhakti Masyarakat 
- Distribusi Logistik Terpadu
- Himbauan kepada masyarakat","BPBD Banjarnegara 
- Dinas Sosial Banjarnegara 
- PMI Banjarnegara 
- Pemdes Plumbungan
- TRC FPRB Pagentan 
- Tagana
- Warga Masyarakat 
- Relawan Lainya","- Kerjabakti pembersihan material longsor
- Himbauan kepada Warga masyarakat untuk senantiasa meningkatkan kewaspadaan mengingat curah hujan yang masih terjadi dengan curah tinggi.",FPRB PAGENTAN,"Daryoto
- Slamet Riyadi",-,"https://mymaps.usercontent.google.com/hostedimage/m/*/3AE5a_Gwfy8BGm7-LxfY1vlbX_2pSWa5GyHtx-1yFPEh_mJmxWxzdhlr5bhBIdlt3sbD06jawK4w7DivgPE1Etbw7j4Uzqylx11gZjdUHZGRNtWHjAmT72bGaD3l02z2pp7WN8fSpy31iB-TZ8HRFtnRi0I0oOlklcbBS7HYeGFqNfir9VALmL55Iiy-amGPs0YKAOyFmVUsQrGIdZQmLFQNgfSJ2HMxkh9pjQiQeA-nahcAhKxgAejxq114H_dAQ-g?fife=s16383, https://mymaps.usercontent.google.com/hostedimage/m/*/3AE5a_GzTXeth_scqJ9Py3Gw7XGR94UGbEqr6FrK3SEJv-H2j2C4FQkL4UiLf2cEgwjXwHm5iFTk77DH9xONaw6krpr7Et5qXan6UypVuR5HkGXs0-BUolKCh_SOVWd5UQsmKp_lxAYcewlVJcKuGNhIEz1Ytcpjf0WRsxP2KX3Zw6gtZNUqYyP9lRBPerKNpYl2NlkqIBREstgg4NzUVb8bs96MTW5Y_zXpd7VTGTfeN3D3aOfXn-iFxnOpEhpxsrw?fife=s16383, https://mymaps.usercontent.google.com/hostedimage/m/*/3AE5a_GwCNgnrb0sVylDlTGhXiYKeDDjkLX9xcmE5-TmgrthBtkbF9LRICmphFbJ9XDI116LdmcDz_XM_zDl0CnMXFITj2PFiiGbK7GQDsOeutdtP1F7_K2zvyTFydC_NSUKc4LfnhhbvdrTSmWLiBkkYOPdL-jRg2BuguXfT0WrsNvs8Cm0Ykg0fURofBDU3hW0hT2WE8gmmuNdWkNc22ofGvIQKSBOcGXaahVD58BaRE_44xTO1D7GzYgCB8w9mvQ?fife=s16383, https://mymaps.usercontent.google.com/hostedimage/m/*/3AE5a_Gxm0RMu4SPpR2YHdtICIs14n6-PvEs7zR-pa-rsJ6HAtsVY_NwlHFWxr1iG86ugg30BC-x1C-vL9TQUv0HCHcHPZ1bXI8iGGIL0pTaEjeVDeB9sRJ4WOgbLFXY_UthT7XswoB849yuqqANNf24jsrhWjJGh7oE5l6W-A272ImB2nRc01-c73dJ2le36YAK4ZKAG4tLTAYD0xfoJk8QGmaDIspLMpfDqGbIUmU7-IxAC_N3smMHXcJhc6Znf5Q?fife=s16383"
JANUARI - FEBRUARI 2023,"Talud rumah longsor Dusun Sirandu RT 4 RW 3
Desa Plumbungan
Kecamatan Pagentan",,Talud rumah longsor,"Desa Plumbungan
Kecamatan Pagentan",Dusun Sirandu RT 4 RW 3,"-7.29025, 109.7903611",-7.29025,109.7903611,"Hari: Jumat, 10 Maret 2023",Pukul: 22:00 WIB,"Hujan deras dengan durasi lebih dari dua jam menyebabkan talud Rumah dan DAK rumah milik Bapak Wardoyo (63 Tahun) 6 Jiwa amblas, menimpa kadang kambing, kamar mandi dan dapur.","talud Rumah dan DAK rumah milik Bapak Wardoyo (63 Tahun) 6 Jiwa amblas, menimpa kadang kambing, kamar mandi dan dapur.",-,-,- ASSESMENT,"BPBD Banjarnegara 
- Dinas Sosial Banjarnegara 
- PMI Banjarnegara 
- Pemdes Plumbungan
- TRC FPRB Pagentan 
- Tagana
- Warga Masyarakat 
- Relawan Lainya","Distribusi Logistik 
- Kerjabakti pembersihan material longsor
- Himbauan kepada Warga masyarakat untuk senantiasa meningkatkan kewaspadaan mengingat curah hujan yang masih terjadi dengan curah tinggi.","Pemdes Plumbungan 
- Bapak Wardoyo
- Relawan FPRB Kec. Pagentan","Daryoto
- Slamet Riyadi",-,"https://mymaps.usercontent.google.com/hostedimage/m/*/3AE5a_Gx0UGPilxyx3ZCzUjNN1nL1nAoITEZxAHk-RpZ80n9Ralv_57EWOnWipZfFVcKPxf06fK_ZNs2hcACYNktRGwo231RZhmhtQ5lEnd7ISmyBjK0mPV_y8TkxJJis7x4fNpGweP0HL6JV__IoVfZCmdZPijcZYJ89qDZo64bgnMw_AMCGSQxOl-mkAv6KsKMnfEWlxs7oTnXzWC_rKJhTf1beK1PdRv6CYxjG0eFRM-pxO7Dr85zYKqwNXm7aYw?fife=s16383, https://mymaps.usercontent.google.com/hostedimage/m/*/3AE5a_Gxu7Z_huYgFwZe_xd3H_Vq8I6gxgvEt09WdHPG0krDlmUNdyz68KZC6BthYQ-9lGg0wiRP8O19lOtf4nZSWd3YrdEnPowjHdNWmXVIB4JWDC0U4SK3C-2oCqHgdzqNd9Wz2qi1F3i3msOmRr5hZVWi8VScVvPZ1eBbXkleF3uGT8J4nVXiFMWT_GvIKxTwzEtJRdsgcmYMPoHjUIpEESKrDh2wWI5ukVfaB_RMBeGG-ZywpffupTrL2Jp_ycg?fife=s16383"
JANUARI - FEBRUARI 2023,tanah longsor desa aribaya,,tanah longsor,"Desa Kalitlaga,Kecamatan Pagentan",- Dusun karanglo RT 02/01,"-7.3055, 109.7997778",-7.3055,109.7997778,Hari: Senin 13 Maret 2023,Pukul: 03:00,"Hujan deras lebih dari 6 jam, mengakibatkan tebing setinggi 7m panjang 4m mengalami longsor, mengakibatkan dinding rumah warga tertimbun material longsor.",Mengakibatkan dinding Rumah Bapak Arief dan juga Rumah Bapak Mugiarjo mengalami rusak ringan.,-,-,"Assessment 
- Droping Logistik 
- Kerjabakti pembersihan material longsoran yang akan dilaksanakan Pada Hari Selasa 14 Maret 2023 
- Himbauan kepada Warga masyarakat untuk senantiasa meningkatkan kewaspadaan mengingat curah hujan yang masih terjadi dengan curah tinggi.","BPBD Banjarnegara
-PMI Banjarnegara
-Pemdes Kalitlaga
-Pemdes Aribaya
-FPRB Pagentan",Menghimbau pemilik rumah dan warga sekitar bila terjadi hujan dengan intensitas tinggi dan lama supaya lebih waspada,FPRB Pagentan,"Romadon
- Daryoto","4 Paket Permakan Prov.(Beras,Mie Instan,Gula Pasir,Minyak Goreng)
4 Paket Permakan BPBD
-Beras 20 kg
-Gula Pasir 4 kg
-Mie Instan 8 Dus
-Minyak Goreng 8 ltr
-Kopi 4 pcs
-Saos 4 pcs
-Kecap 4 pcs

4 Paket Logistik Permakan PMI + 2 terpal","https://mymaps.usercontent.google.com/hostedimage/m/*/3AE5a_GwWq2ekBGFWDnsZMUZtglRqAzt4I1TsngMnKa5DMfViKbgOA0oLV3NjursSaWK6O24_mqy36Ne31JLTjgqCOZd52ecciGGPFcIAJDI5KNv2hHBg0_avY9ueAhry9C51PFivKaItCreTpDJ3vLSUoPKSRkAVjidN9NKr-c3ozkb93geOnOPxuXD91aA9Gb7rGbc5PghnZizS2ppEPvNLGYqYZag8vE5tgEY-KrRzVSl5msJiXnXIdnNy4H8?fife=s16383, https://mymaps.usercontent.google.com/hostedimage/m/*/3AE5a_Gy_VrLUFY_nAm6NRxQHT8X0_RuC7A9V5DYzDJ5cIsEjoZt89CA_QiZXDwSxFjhgqpILxBELte9zHDoHyX62Vol2PiSh8QBXjHqqxsiqRxK4Sfi0t2EeatLDjyw3B9yANoZfNl0dY4Sd7cncIkNDhQidIV9VJmP_UY1FnT5uC_WBGTD0JH-Bu9z1PM_xTulxTO_RYdlxHqIWWkg2yCWVljZYaz5Pnuda0GouP7hyQMRdFfmZFLK530cgd8E?fife=s16383, https://mymaps.usercontent.google.com/hostedimage/m/*/3AE5a_Gz0Fhgz14omKKPHAcKLuaRJ82X7V44ETk3INFwM6PNcb8imlhLGUkIqZiJvVJhAx_mtbwMkDjXXl5GQImxAvhfEftWpHTjDiPJODQDyW2NaeOu8x0B81diKqxlrkD5fjJx9utYHrYcFBiI9evWM-OX2wRQ2BEaKuvS6EQ0gMwasHUbnlS5Wb89Mi6acwNiVmwbD33PmAV663tLmD3Q8ycRVgfAvIY3K4E3NFb9uIfY8FJC3IB9Kln1NLKY?fife=s16383, https://mymaps.usercontent.google.com/hostedimage/m/*/3AE5a_GwlBISdkGJ9u3zIg6HHRxtFE1YQK21WnPFU8wGImuJbfTqYovFpNeQHU1_ZLoQ8ABb9126mGlnp8_Jmf0b2IKZQk8yin_jkyJQ-kJwjlc9NJ81R4TY_ueLmtCzuL9_Gj2sEmh7-H6FrHW073fmajNShgdsGHibUgfamScYMLAab3ThxxdpDOYn4ZjmJGYdX3On9fPcj-Fv_kuRymKnjnkKtJVhqi9e7YMqnVMb2Mek5Fw6qTaQswIXGtQs?fife=s16383"
JANUARI - FEBRUARI 2023,Tanah longsor binorong,,Tanah longsor,Desa Binorong Kec. Bawang,RT 02 RW 02,"-7.4068163, 109.6083933",-7.4068163,109.6083933,Sabtu 18 Maret 2023,15.00,"Hujan intensitas lebat yang terjadi di wilayah Kecamatan Bawang, sehingga menimbulkan adanya genangan air dan meresap ke tanah memicu terjadinya longsor pada Talud setinggi -+ 6 meter, panjang -+10 meter. Dari analisa Talud longsor juga disebabkan minimnya suling-suling pada bangunan talud tersebut.","- Matrial longsoran menutup badan jalan Desa ruas jalan Desa Binorong - Desa Kutayasa.
 - Mengancam 1 (satu) unit rumah An Ahmad Sholeh, Umur 54 Th,",Nihil,Nihil,"melaporkan kejadian talud longsor ke pihak terkait
- Pemberihan matrial longsoran sementara oleh warga setempat
- BPBD melakukan assesment dan Droping logistik terpal.
- BPBD Banjarnegara bersama Polsek Bawang dan Koramil Bawang serta PMI Banjarnegara didampingi Pemdes Binorong melakukan penutupan longsoran dengan terpal.
- Pihak desa melakukan penutupan sementara akses jalan","- BPBD Banjarnegara
- Polsek Bawang
- Koramil Bawang
- PMI Banjarnegara
- Pemdes Binorong","Pemdes Binorong telah berkoordinasi dengan BPBD Banjarnegara untuk melakukan pembersihan matrial lanjutan dengan menggunakan alat berat dari BPBD Banjarnegara dan Pemdes Binorong menyediakan alat angkut/Dump Truk.
- Pembersihan matrial lanjutan akan dilaksanakan besok hari Minggu, 19 Maret 2023 Pukul 08.00 WIB",-,"1. Suryono
2. Agung Septiyanto",TERPAL UK 8X6 dua lembar,https://mymaps.usercontent.google.com/hostedimage/m/*/3AE5a_GzMd59z3XpK43nMyxlDRlNZsRdadqdMVEmHaN4zTF2yKBbB3Xcr9mFqYvdsE5Wp1a-tkBIFcmMUfbAazkYGSb9KyknGaXk_w1HXJlJGBbLK2nWyxHJ1Dy2zCvli4tO9uynmOjoCvulJr9g-An-HISeUrZa15mOqHI6EdC-UEwZ_RyyrRt0bPi4Sdsuwpu77K9UbzQlO7LGBZgML3KDp68w7fOKMWZIKKhoHobdKzwrNECN2SJvx00GtTcU?fife=s16383
JANUARI - FEBRUARI 2023,Tanah Longsor Desa Desa Pagedongan Kec.Pagedongan,,Tanah Longsor,Desa Pagedongan Kec.Pagedongan,Dusun Watubelah RT 05/05,"-7.444113, 109.706397",-7.444113,109.706397,"Minggu, 19 Maret 2023",05.30 Wib,Hujan Deras yg Mengguyur Wilayah Desa Pagedongan Dan Sekitarnya Mengakibatkan Talud panjang 6 Meter Tinggi 6 Meter Ambruk Menutup akses Jalan desa Dan Mengancam Rumah Warga.,"- 1 Unit Bangunan Rumah Semi Permanen Milik BPK.Salim Rusak Pada Bagian Dapur Dan Tembok kamar mandi retak serta pondasi bagian belakang Rumah Menggantung
- Ruas Jalan Desa Tertutup Material Longsor",NIHIL,NIHIL,"- Koordinasi Dengan Pemdes Tlagawera Dan Pagedongan
- BPBD Melakukan Asesment
- Kerja Bakti Oleh Warga Masyarakat 
- Droping Logistik","- BPBD Banjarnegara 
- DINSOS Banjarnegara
- PMI Banjarnegara
- Pemdes Tlagawera
- Pemdes Pagedongan
- Warga Masyarakat",-,-,"- Daryoto
- Ahmad Arifin","BPBD 
Mie instan 2 Dus
Beras 5 kg
Gula Pasir 1 kg
Minyak Goreng 2 liter
Teh Celup 2 Pcs
Terpal 1 Lembar
Log permakan provinsi 1paket (beras,mie instan,minyak goreng,gula pasir)

DINSOS 
1 Paket Logistik Permakan

PMI
1 Logistik Permakan
1 Family Kit
1 Terpal","https://mymaps.usercontent.google.com/hostedimage/m/*/3AE5a_GzG-g6I4GD_Al-SPGsO8jRy2ZHqT1BHH0uoYs2MaciuoR4bdI_x5cvG-fKkUdIG18TOzIVMUwbipoUtJBtgMg6Zb4zsbqkTVlmKL3HjKSUY-kGYNoH-xsgJBy2ELkyS6VAQhRKXO8NZMz0AV0cqASJrRyN28ZHmhREZAn7R9nxvphtjOe4J_4gBlDUFijoBOF6B3fMKwQHGGSj6tRfygY9VAplqEQ5qBZo2BO2ySXMud1iFR0RxC_kTWvU?fife=s16383, https://mymaps.usercontent.google.com/hostedimage/m/*/3AE5a_GwI9GuaGKt1aSPcCXoPItxR6FSYSRw4_Z2xyEJmTqMK3A9j27u88m9dxqrwRLZOPPEJWZhhA6-l5a9_R8lxZQER_9SSwGsZIDsqnGDMD_DXoys3V0v9Om74a6-ZbFmabvbBPqkHF-8h-zyoaOhJE55BuDUs1hR51X3fuAkqYSsGOl6bCODI9J5vgjcRQpxZHysXP61pQOEkQtva2qzpQ0DHJTQxxYdLMfos-htWrHhYvGcpAytL0EDHEDc?fife=s16383, https://mymaps.usercontent.google.com/hostedimage/m/*/3AE5a_Gxz_6zxZRDmndIfEyjaaMx-9mt_QgZjOdeR8DFdWee3aJ89P0zDP3H3SMg9drLlLZQ4RdkMPlYvVMQYE0qQUKabFIqJgnicKlltwQKXKRxriWjwxWELcn7431w5uWhK8W0O3x37QmtpBo6pAPTpYD7NBu1g2EkiAUpHAA8DUYxNZhMpJylv3tYzkMGs5qZS3dpSK8STz7J8U6bXbWCbgiZ4BrgD4haWjecFVwuJBjut6qG_L9-r71kWWeg?fife=s16383"
JANUARI - FEBRUARI 2023,"Tanah Longsor Desa Tlagawera
Kec. Banjarnegara",,Tanah Longsor,"Desa Tlagawera
Kec. Banjarnegara",Dukuh Silentreng RT 02/01,"-7.412678, 109.714237",-7.412678,109.714237,"Sabtu, 18 Maret 2023",Pukul 15.50 Wib,Hujan deras yang mengguyur wilayah desa Tlagawera dan sekitarnya mengakibatkan Tebing Setinggi 8 Meter dan Panjang 7 Meter Dan Pondasi Rumah dg Panjang 7 Meter Longsor.,"- 1 Unit Bangunan Rumah Semi Permanen Milik Bpk.Marwito Rusak Pada Bagian Dapur Dan Kamar mandi
- 1 orang Mengalami luka Ringan An.Bpk Haryono (63th) Akibat Tertimpa Material longsoran saat membetulkan pipa Air.(korban sudah membaik)",NIHIL,NIHIL,"- Koordinasi Dengan Pemdes Tlagawera Dan Pagedongan
- BPBD Melakukan Asesment
- Kerja Bakti Oleh Warga Masyarakat 
- Droping Logistik","- BPBD Banjarnegara 
- DINSOS Banjarnegara
- PMI Banjarnegara
- Pemdes Tlagawera
- Pemdes Pagedongan
- Warga Masyarakat",-,-,"- Daryoto
- Ahmad Arifin","BPBD 
Mie instan 2 Dus
Beras 5 kg
Gula Pasir 1 kg
Minyak Goreng 2 liter
Teh Celup 2 Pcs
Terpal 1 Lembar
Log permakan provinsi 1paket (beras,mie instan,minyak goreng,gula pasir)

DINSOS 
1 Paket Logistik Permakan

PMI
1 Logistik Permakan
1 Family Kit","https://mymaps.usercontent.google.com/hostedimage/m/*/3AE5a_Gw-LFPDoHIbmh9x5g_Pj3v8oObtEUl7q_tqklnMPxY7WeyjYWq5nNfg-WaLRuCes6TyfJwfa5NyDm-H9y2gYHUJt3ixzWMdGuk_uDupC06nfAMVGi7-3Xd8-Fmt1x9LKNBybigCPwzdw75jFS20t4pCuQ4-TXGNZpFkGgMTLZTmNIWa5hjqVYBdYUs6Z4DhTqQOaYwTWAT95pLTxePU9FVVbcfuKsqiitFRNUpnT5hcRCF1dsFYWol3FqE?fife=s16383, https://mymaps.usercontent.google.com/hostedimage/m/*/3AE5a_GwLP6KBqmYoGXvGT6cUHhEIlzpIbug8fnJvJMAXGYsJv5mJ9sxPjnwMzcLlOcKj7M2lK_vU0T2fyYpwtj-6haNiMKTh9dJzCg7ne-iMaGtwQ3l1I27lAuBKsiAV0BH8tcZRnge606h3leAHUYREkw1vYSyyxVqF0g0SLTxm7lHqoM1YJIt8kqCJtX9XxlENjl-G8yGB4LvufWZ5Bb27vrszE9HyGBpWw8JxOP7O4aKfDPu4dBRxE71-OP0?fife=s16383"
JANUARI - FEBRUARI 2023,"Tanah Longsor Karangtengah, Kec. Banjarnegara",,Tanah Longsor,"Karangtengah, Kec. Banjarnegara","Jl. Serma Mukhlas, 
Tanjakan Cina Mati Rt 02 Rw 01","-7.4100801, 109.682613",-7.4100801,109.682613,"Senin, 20 Maret 2023",15:10 Wib,- Hujan dengan intensitas tinggi menyebabkan pondasi jl Kab longsor dan menyebabkan pohon tumbang menutup total akses jalan.,- 1 ( satu ) unit rumah 2 KK/ 5 jiwa a.n : Ny. Manisah terancam.,NIHIL,NIHIL,"- Cek lokasi.
- Penanganan dan pembersihan material dan pohon.
- Pada pukul 16:00 Wib akses jalan bisa dilalui R2 dan R4.","- BPBD Banjarnegara
- UPT 1 Bina Marga
- Koramil BNA
- PMI Banjarnegara
- Pem Kel Karangtengah
- Warga Sekitar.",-,-,"- Raib Sekhudin, S.ST, M.KL.
- Sutrisno
- Anif Khamidi
- Budi Cahyono
- Daryoto
- Ismail
- Widia DK
- Ahmad Arifin
- Fahri Susanto
- Alam Syah TP
- Aldi",,"https://mymaps.usercontent.google.com/hostedimage/m/*/3AE5a_Gyv5ACIfBJluDaJRT4zLutfHCA3yIcGt86tV9uM9FecrT6KrKFlOsGY-o8yL5k-4vaxwvSuKWZFtoPTXUZalPB1XQJGSA-nlndUIDFZTAglANQ1aYw_oyPNTq5oiPVfH-oJdpbDNzOBN0oMoLBX68oibhUkow4WTP7AG7e9qfadR1-j2MalhrZRmdxkO6EVMzdqBLctcV9UDpyUUD24PwbQli0STZuQwpYZCrLDsBdRqggKjiIDTpBME-c?fife=s16383, https://mymaps.usercontent.google.com/hostedimage/m/*/3AE5a_GzkdXJGHQinDUiRpcP_xH2dB7a46Mj_7xfPFeHYBsNaigvRPgJIfidxlRhTN68YOVRX2ithybueOQQrmmSgdrniBBS_vGcmVwi6eNVYlbKillZJk5tJJHYXMPhERJ18ao2W2wX_ErVfDAh6B4R0aJlrrxFn7HZy5wfQtRZa1_R1MVedYJcXI9hZ4HDWJMpoTnV0xQy5ejkgXw9_AA-G89ysYYV_Asp8JVKtm24WfhBIviqofqTlOrhJHqM?fife=s16383, https://mymaps.usercontent.google.com/hostedimage/m/*/3AE5a_GyZzW1nQXmnG7HZLd0xXz_vEBY9MqPaO6D9ZIf9JzL6HifF5OL7DxXhV3sLbOVG0gNR63KGMpBKgtdliE4gZcQBx3lFNz7Pi9LarUXwXGvL7iQn0ovmeC7I2YftqUipHFJZvgHZSz8LC_gABLOM4uIFdXGjo30VpiInA7WjmELHbyR8nDZkmKBZ-zRNwsx1d70GZAF99vtkRXcBBy6w8jef9JL1dxzFYy1lFv3V1bpg_JMc4lLEu3wISTo?fife=s16383"
JANUARI - FEBRUARI 2023,"Tanah Longsor Desa Lebakwangi
Kec Pagedongan",,Tanah Longsor,"Desa Lebakwangi
Kec Pagedongan",Dsn Silegi Rt 01 Rw 03,"-7.45367, 109.650686",-7.45367,109.650686,"Senin, 20 Maret 2023",16:00 Wib,- Hujan dengan intensitas tinggi menyebabkan tembok dapur rumah ukuran 4 x 3 meter jebol dan satu rumah terancam.,"- 2 ( dua ) unit rumah 2 KK/ 7 jiwa a.n : 
1. Mukhlas 1 KK / 3 jiwa
Rusak pada bagian dinding jebol.
2. Hanifudin ( 1 KK / 4 jiwa ) 
Terancam.",NIHIL,NIHIL,- Cek lokasi.,"- BPBD Banjarnegara
- Polsek Pagedongan
- Koramil Pagedongan
- PMI Banjarnegara
- Pemdes Lebakwangi
- Destana
- Warga Sekitar.","KEBUTUHAN
- a.n : Muklas
- Sembako
- Terpal
- Alat dapur
- Balok
- Triplek
- Alat mandi

- a.n : Hanifudin
- Log Permakanan",-,"- Raib Sekhudin, S.ST, M.KL.
- Sutrisno
- Anif Khamidi
- Daryoto
- Ismail
- Widia DK
- Ahmad Arifin
- Fahri Susanto",,"https://mymaps.usercontent.google.com/hostedimage/m/*/3AE5a_GztJzuEhAJqe164rknTLEJF_xhIM03QG1CwslF-JZioBaDOGqh7or4Ym1wvheuCS2cL1YFsucAjW4QNQBYsMjVwya42-BRWkO55KpKogQ7cgkXpn6wqfE652MwquY75HuHwyaATL6pDkfVhZJBVoDHlR1ltkrPZ_BN_oc89jiibzWtVGVMMjTmcqflBVSZO3hlRI0E4Usaw_ry1WEhxi9ZBaYv6EJHkhKflRtPy0F7d97mVGL5d6uMFZG0?fife=s16383, https://mymaps.usercontent.google.com/hostedimage/m/*/3AE5a_Gx4WLaP-lJevnkpAVLpHPnoi1h78NQC0tilSyuvN_LV00EOQ2LZ_0oCANsBKeRmvDCW7IJoHWanLI4oybJENL-JHR1tjW0r7mCHnMg6XSbcZ5Kj0lw1_L8FbzyDwbmK2MVKKbppvPCfPiQiH79vJ3Nyp2BC9XN7mI__QhYA7mXTXpy8RKzONK4TNY6dpaUGOB2XNKiTf6EmvAbqYs1hiVXrloNMXgKqD_eXYzV51YHfD8mDO-oNllVSZEs?fife=s16383"
JANUARI - FEBRUARI 2023,"Tanah Longsor Desa Lebakwangi
Kec Pagedongan",,Tanah Longsor,"Desa Lebakwangi
Kec Pagedongan",Dsn Silegi Rt 01 Rw 03,"-7.4537465, 109.6503081",-7.4537465,109.6503081,"Senin, 20 Maret 2023",14:30 Wib,- Hujan dengan intensitas tinggi menyebabkan pohon tumbang dan tebing longsor menutup total jalan Kab.,"- Akses jln kab penghubung Desa Lebakwangi ke Desa Majelengka tertutup total oleh pohon tumbang serta material longsor sepanjang kisaran 600 meter.
Penanganan selesai pukul 18:30 Wib, rencana kerja bakti dilanjut pada besok hari.( Selasa 21 Maret 2023 )",NIHIL,NIHIL,"- Cek lokasi.
- Penanganan pembersihan material longsor.","- BPBD Banjarnegara
- Polsek Pagedongan
- Koramil Pagedongan
- PMI Banjarnegara
- Pemdes Lebakwangi
- Destana
- Warga Sekitar.",-,-,"- Raib Sekhudin, S.ST, M.KL.
- Sutrisno
- Anif Khamidi
- Daryoto
- Ismail
- Widia DK
- Ahmad Arifin
- Fahri Susanto",,"https://mymaps.usercontent.google.com/hostedimage/m/*/3AE5a_Gwa8eQPOQtQ5pKt0_pX3a0EC-jdRCMwsmNEEzLDi9BYkeAeyyCid-kszoovLwyA6KAf2mMkTtNrUmoRKnNucqI0gkivEMkOwmvlOX7rJCy2mMr3EsealuZedPqw_4XM-KwibNF5fEb-eo9TVDMJOZKDek0N2ArxPG2mLurAc9mvAw2kayMMO6zb7tnb9dq4SQMMuI19OsHbkZKNMTLrRLE6zUqGx9qYy7eQGRbLkCy_Yc0avkDzQSye_dA?fife=s16383, https://mymaps.usercontent.google.com/hostedimage/m/*/3AE5a_GwuwjuzsLvin-fkQ1ormDdSk8yyFxaQD3386dlciNFltBgOcniXqvvmSb65lunA3-cMpFcnQbpF0iLkKdSakrXk8t4KjNlkSoogMl6u5tUekHqMxk7kFKmS-6pxiYbgwSvFXnKYp4JB7ZLDL3L372c2yrgMQfw-b2VZ48J34e0usuRujIqq3Q9tUdHQz4j4ARN7eMlfzfyMMy_ZceOBuodw13Zce0U__8C5rswPToiCRLO5IpXeKKmREWE?fife=s16383, https://mymaps.usercontent.google.com/hostedimage/m/*/3AE5a_Gxg1LH7_QJb5M4Jwinm5385gd_ewxZQsXZOtpsS0LORNxgbLstUBYVi8Il5hc2b8pdiCLkXm_AhWQ5PPSK3WRzadLUMW_t76H55mSo1-fHGH0EEsCmRlgZ3OqPMcB1vfxJ0fzsI1JxQ1Wswrhb5ADx4Xqiiv7tDt59sg_ldt5-5205xlsBQ5PTqwqmlZjRdTNDwRtzhQJamQedVI83pYoigHQ3ohbYTtEZkuu7JkJyoJ7qe9J8l5vUUoSE?fife=s16383"
JANUARI - FEBRUARI 2023,Tanah longsor lebakwangi,,Tanah Longsor,"Dsn Sidawangi Rt 02 Rw 04
Desa Lebakwangi
Kec Pagedongan
Kab. Banjarnegara, Jawa Tengah",,"-7.458942, 109.6449976",-7.458942,109.6449976,"Hari : Selasa
Tgl : 21 Maret 2023
 Pukul : 17.00 Wib",,- Hujan dengan intensitas tinggi menyebabkan tebing setinggi ± 25m dan lebar ± 6m mengalami longsor sehingga menyebabkan akses jalan antar desa tertutup dan jalan tidak bisa dilalui kendaraan roda 4.,"- Jalan penghubung antar desa tertutup material longsor
- Akses Jalan tidak bisa dilewati kendaraan roda 4",nihil,nihil,,"- Jaenal ( Pemdes )
- Wahid DESTANA
- Elsya DESTANA
- Sapto ( Pemdes )
- Nida Destana",asesmen dan kerja bakti,- Nida Destana,,,https://mymaps.usercontent.google.com/hostedimage/m/*/3AE5a_GzkhROCfeeSSU9WUuIHII0i-izHbVKwYfjbWg8QLhKjPy0x8zW0_HZceU6CHmgAAZRFV0bVcDLTpDDB-DRvyFwz7L5V3hxZLSr7ykvAojPSzQ1EdsIHaISdROiOXPSpG1DZUw1wO514EyC-Vh-FRXsYv6XLSWShqSFoaJrNkJB_XG_b0qXDVEoe-L_hEZRxr00c0PApKAB_w_syTJkuaPgyTDbXYTxave6Is4TjBBetaQy7xOb-eHFgWJQ?fife=s16383
JANUARI - FEBRUARI 2023,Tanah Longsor  Kelurahan Wangon,,Tanah Longsor,Kelurahan Wangon Kec.Banjarnegara,RT 01/04,"-7.4068957, 109.6781617",-7.4068957,109.6781617,"Rabu, 22 Maret 2023",02.00 Wib,Hujan deras yang mengguyur wilayah kec.Banjarnegara dan sekitar nya mengakibatkan tebing dg Tinggi 10 Meter Panjang 8 Meter Longsor,"mengancam 3 Rumah Warga An.Bu Manislam,ibu Lia Dan BPK Tarno Terancam",NIHIL,NIHIL,"- Koordinasi Dengan Pemerintah kelurahan wangon
- BPBD Melakukan Asesment
- Kerja Bakti Oleh Warga Masyarakat 
- Himbauan kepada warga sekitar oleh Lurah Wangon  Menutup longsoran Dengan Terpal","- BPBD Banjarnegara 
- Pemerintah Kelurahan wangon
- Warga Masyarakat",-,LURAH,"- Ahmad Arifin
- Widia DK",2 TERPAL DAN LOGISTIK LAIN,"https://mymaps.usercontent.google.com/hostedimage/m/*/3AE5a_Gwqs5whiOwmeIKEslHFf-1DPpC7xRb49ofK-APhv8O-IrHTG7vJl_8Xo8-U47wfDnlFUhmZKbdNpkigMELe0WvBDAm-E8Mile8s62pEJtXaN3NIaoLtBzSDFhlfRALQSxcCCHr6NqxDGjGwlEuvzvZtiLJAmuS8kHmMbJb0ijaj64UqxbHxvPR1PvkJfO2quUiXdSgVu3u_vgbjhj6u2i9EaOhXIcKGrlftMVm2tfOLHy4NC4lsf7fXxOQ?fife=s16383, https://mymaps.usercontent.google.com/hostedimage/m/*/3AE5a_GwQz46QuYvwXZ4KxbpniQ-wxccDZPo93cSKd9lO_dDCre3XKBy41z-i5dnNPXWqDdMmlFNWDmROhsLjhgYFOCrSGEfZkvEqPt-QfVAq5TR7D3_vHZqpBfXIe1nDo2XVicwojKIB5ZLyqQnfpOTZH42A94UWrOGFRd0EoPZ9H5JoiyYRq8rHOIeP-GdeRVmRbcf4hTkdDifUJVsagS-dSVCKlMvGI4Dj6kUjO2It8JH7FCXpjQFL_rOe52U?fife=s16383"
JANUARI - FEBRUARI 2023,TANAH LONGSOR ARGASOKA,,TANAH LONGSOR,Kel. Argasoka Kec. Banjarnegara,DusunNgigir 02/04 dan  Wanasari RT 1/3,"-7.4129064, 109.7020151",-7.4129064,109.7020151,"Sabtu, 18 Maret 2023",15.30 Wib,Hujan deras yang mengguyur wilayah kec.Banjarnegara dan sekitar nya mengakibatkan tebing dengan Tinggi 15 Meter Panjang 10 Meter Longsor,2 Rumah Warga An.Bu Mukini (8 jiwa) Dan Bp. Parjo (6 jiwa) Terancam,NIHIL,NIHIL,"Koordinasi Dengan BPBD
- BPBD Melakukan Asesment
- Kerja Bakti Oleh Warga Masyarakat 
- Droping  logistik permakanan untuk kerja bakti
- Menutup longsoran Dengan Terpal","- BPBD Banjarnegara 
- Pemerintah Kelurahan Argasoka 
- Warga Masyarakat",bronjongisasi,RW Setempat,"- Ahmad Arifin
- Khafid Nur Bahtyar","2 Lembar Terpal ,logistik permakanan",
JANUARI - FEBRUARI 2023,Tanah Longsor Desa Sawal Kec. Sigaluh Kab. Banjarnegara,,Tanah Longsor,Desa Sawal Kec. Sigaluh Kab. Banjarnegara,Dusun Duren Sawit RT 01 RW 04,"-7.4326773, 109.784268",-7.4326773,109.784268,"Kamis, 23 Maret 2023",16.00 WIB,"- Hujan intensitas tinggi di wilayah Kecamatan Sigaluh dan sekitarnya
- Kontur tanah yang labil",1 Rumah mengalami merusakan bagian dapur. Rumah milik Bpak Bambang Dusun Duren Sawit RT 01 RW 04 Desa Sawal Kec. Sigaluh Kab. Banjarnegara.,-,-,"- Melaporkan kejadian kepada pihak terkait
- Cek Lokasi","- BPBD Banjarnegara 
- DAMKAR Banjarnegara
- PEMDES Desa Sawal
- Warga Masyarakat","- Kerja Bakti Pembersihan Material Longsor
- Distribusi Logistik",Rian Agus Wibowo (PEMDES SAWAL/KADUS 4),"- Daryoto
- Ismail
- Widia D.K",-,"https://mymaps.usercontent.google.com/hostedimage/m/*/3AE5a_GwxVRsVFcnyC7Hi2POBZMbJKPKiy4UlRaRcNElnBftaex49gVEo6vn_uEcyMkeKP7826OOhoiVRlotAR1aen3_HIw0PgW9uimav8Y2NAUj1hlR2EroK3xan6wabnNj76KPoYsXyz3veb7KWpzlLiHuy-H0FwCFj7SpBt9USeMmsLjiVUEzY2xjjhRi74VP_Y-jiCFPwt2IhslfZsOzOhEI7SXrqkS-h4fBGQJy1yrdupOInQ3XKUJgl-r4?fife=s16383, https://mymaps.usercontent.google.com/hostedimage/m/*/3AE5a_GwFdKWGLzNtT-3OpF9BeK0w0PPVj1_frqMF7Ehl2ADr4XikGYKymwMD26JNsBNiEUaccPTuM4gwMCcoJDUwslNYvarG7rNs7uLX8cYfEHpllVdU3kKnj_UOE7I5OaSuUNKbzBI3ZTyJh5ZiIu7b_WIabJK8DRmETDJvw60Z9Ln7fFhMllXbGgpkE7LC-UWVd5EF44xda4o7GALRArenHgL8ndk5uTQKQR1oKgzy_zBmgbOk5dK-3EjLIlw?fife=s16383, https://mymaps.usercontent.google.com/hostedimage/m/*/3AE5a_GwvTMrgQqMSSnDeEXZqnRf5hjeWHO7sWSxfSbNO4guDYoPY5N-saV3xDn805W-3K3pBU6eNtog5bQEKjUKW7JWMBXeRVEIOS62m5TVZCbwqPtLyHoFX_3LvLPorgNmPw0oGZCtDpmD5bKRxtJLs62_tv2NdwCqnWj_tsIjEZ17c-_AMiGoiJ4PoWn7PtPPPFjQJZ_XHqmNdG-MzsLRc60plo4xaEKi0IXVNq5F8z0Hb6O9VBnsJX51C95s?fife=s16383"
JANUARI - FEBRUARI 2023,Tanah Longsor Dukuh Wanasari RT 01 RW 01 Argasoka,,Tanah Longsor,Kelurahan argasoka kec banajarnegara,Dukuh Wanasari RT 01 RW 01,"-7.4098056, 109.6955278",-7.4098056,109.6955278,"Hari : Jumat
Tanggal : 24 Maret 2023",Pukul : 16.30 WIB,"Hujan intensitas tinggi
- drainase yang kurang baik",1 rumah bagian kamar mandi mengalami keruskan serta mengancam rumah dengan pemilik a.n Bapak Misihad (3 Jiwa).,-,-,Assement,"BPBD Banjarnegara 
- Pemerintah Kelurahan Argasoka","Penutupan rekahan dengan terpal
- Distribusi terpal 2 buah",lurah argasoka,"Khafid Nur Bahtyar
- Daryoto 
- Fahri Susanto
- Aldi",untuk droping 2 buah terpal,"https://mymaps.usercontent.google.com/hostedimage/m/*/3AE5a_GxkhGPGwQ5to501IKT1IvKwY5IMqT0k0_qZIvMKy-3lO1hfz1VXmpO309b1f8nFFgUGmVUTGReql_szO1fgW6OkVw2pJ6fy9XS4S8UVYr0f6jwslnR-UQT1lVBXB9yIk_nITMkeB14C2JoXsMolXL16TuGR9sq24ImJUF9eZdKLl0ZXq41IOCDY9gg76gi01GDF0mOA_LJqnE8ivsQF8fWGXpou3RNwv8UwkI3NTkfr_ltgqJDloh7Z0Yo?fife=s16383, https://mymaps.usercontent.google.com/hostedimage/m/*/3AE5a_GyBqbUGtOWhR--HuDfeot963i1v_iBgOHfrnovpIJBMxSLyMDHwjjW2kGXSxbdkdiK2Hbv1F8tr5GnBIdotxXlZI3nRqNzTzdjpV_dCRm5T-qORj4tseyUSf5CNfEavkELI_Z8F3c6CST7Sra4qxb1wl0__o70h5fpDSakVfLlemcrvHkpi2Q74GDHkUOgil_URsjb_fiaklGxjq4-Wy8tlJb5yPSS1VUyw1IFsDCB0Ii64DE55JMkKJEo?fife=s16383, https://mymaps.usercontent.google.com/hostedimage/m/*/3AE5a_GyuHFYs6oj5lJWt9C6qi8CbUyjemlVsh_mza5_ZCTzTskPZr-um9i0LkwvUenMxBZshJi_KrYIKKPxT9IANuSTW-OYL9vrksbIcHRDznMouyt5dhG3J0lO25ir7uNg2XRJjSLn8FHEK0mrIEojA9pn7O-pUeApOqhkC5-agj-oB3PUDzUe14TTpcoUkj2hDfN_iMzRB1y2bsR-bW0tgkdfriVt-6Mx6hy1mnR5iGowN1XhEjefUEGdXN70?fife=s16383"
JANUARI - FEBRUARI 2023,Tanah/ Talud Longsor Desa Cendana,,Tanah/ Talud Longsor,Desa Cendana Kec. Banjarnegara,Dusun Lintangtiba RT 4 RW 1,"-7.4129674, 109.7374782",-7.4129674,109.7374782,"Kamis, 23 Maret 2023",Pukul 16.00,"- hujan intensitas tinggi sejak beberapa hari terakhir sebelum waktu kejadian
- debit air sungai Sigua meningkat
- banyak kolam ikan baik yang kedap maupun tidak
- terjadilongsor pada talud bantaran sungai.
- selain berdampak pada tebing bantaran, juga berdampak dan mengancam rumah warga dan infrastruktur","Infrastruktur:
1. Talud Bronjong panjang 20 meter tinggi 6 meter ambrol (RB)

Rumah :
1. Rumah A.n Bapak Turip 74 THN (3Jiwa)
Mengalami kerusakan pada bagian belakang rumah (dapur, kamar mandi dan gudang) beberapa perabot dan pupuk simpanan ikut terbawa arus sungai.
2. Rumah Bapak Mistun 40 (4 jiwa)
Pondasi belakang rumah rusak, dan mengancam bangunan kamar mandi dan dapurnya.",Nihil,Nihil,"- pemdes menggerakkan kerja bakti untuk pembersihan sungai Sigua
- laporan Pemdes Cendana ke BPBD Banjarnegara
- TRC BPBD Melakukan cek lokasi",,rekomendasi kepada DPKPLH untuk pelaksanaan kegiatan pasca kejadian. Pemdes sudah berkoordinasi dengan Dinas tersebut. Dan selanjut meminta BPBD untuk cek lokasi dan Mengeluarkan Rekomendasi penanganan.,"Kades Cendana Tusro
Pak Turip (warga)","Tsaibun N
Daryoto",,https://mymaps.usercontent.google.com/hostedimage/m/*/3AE5a_Gx16YwuuQj8FUaFWKOqg7wUiRzbBYmTTN3jSB7RwAmF5H3FFPiCb5Gw1JofppFr-ASBmRz1rbQtElNEn3k96Km5F7w1ExLPXFPKTdEfTUOEXYC896xwRWSVBPkW_YTIh9I-Sjpu3KGDyBvedY34YEy8QPgZ3ZxwnuWWvjJWFm16BlN0PEoXGmCQQ4HlV8ivjhifyqkWt00osfwGhXau1-xgW7kA-LZLiYRfDhRiZYFZI_-4xi30P9W6gHo?fife=s16383
JANUARI - FEBRUARI 2023,Tanah longsor slatri,,Tanah longsor,jln raya provinsi turut desa slatri kec Karangkobar.,,"-7.2844602, 109.7086931",-7.2844602,109.7086931,Kamis 30 Maret 2023,pkl 18.30wib,"-Hujan intensitas lebat terjadi di wilayah Banjarnegara 
-Terjadi tanah longsor di jln raya provinsi turut desa slatri kec Karangkobar.",-Matrial longsor menutup setengaj badan jalan,nihil,nihil,asesmen,"bpbd, damkar",,,langgeng,,https://mymaps.usercontent.google.com/hostedimage/m/*/3AE5a_Gy6W4oSD1s4P5MzNr0SHKDjNeoOI_HfXFfhwdv8t6wsdGkT6hauuzfJidkkPrEFyNV0vLLRasldbun5Vky63-GnQhCMMAs5gDdZ7gQntL-lghx7ERuVlp2WFcVB4BzwaMVrXciDluIWvAMsxudSTnyZ55Ej5RnIOzq-hceMndJbB7tfIPkouMpiVuLquwVChvSdF2-ODFEGfvIM62cncx1sGfhHjMfaeO9LysKhMidMXJgr-GQeqYS6dag?fife=s16383
JANUARI - FEBRUARI 2023,tanah longsor krakal,,tanah longsor,jln raya provinsi turut desa sampang kec Karangkobar.,krakal,"-7.2788131, 109.7158334",-7.2788131,109.7158334,Kamis 30 Maret 2023,18.30wib,"-Hujan intensitas lebat terjadi di wilayah Banjarnegara 
-Terjadi tanah longsor di jln raya provinsi turut desa sampang kec Karangkobar.",-Matrial longsor menutup setengah badan jalan.,nihil,nihil,asesmen,damkar,pembersihan,damkar,,,https://mymaps.usercontent.google.com/hostedimage/m/*/3AE5a_Gxrf0hlL9LOYlGLNc3x1bpMgCnfAMd-zsBq9ilU_38iAFXWLLgJPvc-1Vx2eqKJd4fuyH5NqsbQV89mFVHNuv58AZz072Wk_13bOZL5pFEGNVIKUZMxfITei2QNqjf7r8pMxOaEBUMXL9-XOcN4UM8bq8iMEbVdJ3CY6UcMz-JuxMjZE5Lmul_bqpbb97lbO_ty5ubW9GmH0xNz53td4fHfh0IVG6Ee6Ub0oeDSxSBmvDCdholM7VxVHkI?fife=s16383
JANUARI - FEBRUARI 2023,Tanah longsor ngambal,,Tanah longsor,Desa Ambal Kecamatan Karangkobar,05 /RW 02 Dsn Klesem,"-7.2689891, 109.7155172",-7.2689891,109.7155172,Kamis tgl 30/3/2023,20.15 wib.,"hujan dengan intensitas tinggi yg mengguyur di wilayah Klesem dan sekitarnya,                             tebing sekitar 5 m longsor dan menimpa sebagian rumah milik warga","1. Rumah Ibu Binem ( KK, 72 Th, 4 Jiwa) 
Kerusakan Pada unit dapur dan kandang ternak
2. Rumah Ibu Waginem ( Bukan domisili Dusun Klesem) 
Rumah kosong sedang dalam proses pembangunan, mengalami rusak pada dinding rumah yang mengalami pecah dinding. 
3. Rumah Bpk. Dwi Prasetyo ( KK 23 Th/4 Jiwa) 
Kerusakan pada kamar mandi, dinding jebol",Nihil,Nihil,"- Pelaporan kepada instansi terkait 
- Cek lokasi
- Himbauan kepada pemdes dan warga masyarakat untuk lebih meningkatkan kewaspadaan
- Pembersihan material oleh relawan dan warga masyarakat
,-Distribusi logistik bersama BPBD, DINSOS dan PMI,","- BPBD Kab. Banjarnegara
- DINSOS PPPA Kab. Banjarmegara
- PMI Kab. Banjarnegara
- TAGANA Kab. Banjarnegara
- TNI
- Relawan Destana
- Pemdes Ambal
- Warga Masyarakat",perbaikan,pemdes,"Langgeng Widodo
Daryoto","logistik Permakanan, terpal","https://mymaps.usercontent.google.com/hostedimage/m/*/3AE5a_GwfVau-4gOZ88SIbEdPupfxgdEDCguf_AyMTK0CvPaQDBEy8fXvWiGq4-Cas3sWbQTcJMLDdXDYyKhiYeNtHLQZ_BN8QYjUedKd2Ia13lRkv7UsX3eXPX4RjHc1gU7TLNXjWtppp8tV-iS-szJOpNAnNlVUxxycg9ybt8Uazug9UK8-X4r3rPy3wE-Aw15-1xGxquiO9ap4XusRjwN0g6mYthvRiPOEPGvOS0rY-EpEeKiNu0RW_mIAxbs?fife=s16383, https://mymaps.usercontent.google.com/hostedimage/m/*/3AE5a_Gw_Zf_7JN0YZyLDetYIy_odppY5mUPkfuIq9ht94eJjxy3GC3c8twAmdpqu634PJIieBml4n3xeQpurLPy4BP65kwTZ0EK026MKwrabg7TX26EQ6YzRdK1X05o4a3ykiAEiwdgWOw7bOz3p4tqXm9WjDqexndbe86zeq18oeOecKIrOINh7-_ir50fLxXLTh2qIVJtLctZ1jg9XZGskyrZAzYXrFsxUnpS30Gq7_1SacUFP9JlXbNOkUvw?fife=s16383"
JANUARI - FEBRUARI 2023,Tanah longsor gumelem kulon,,Tanah longsor,"Gumelem Kulon
Kec. Susukan",Gunung duwur Rt.03 Rw.11,"-7.5280737, 109.4080374",-7.5280737,109.4080374,kamis tgl .30 Maret 2023,20.00wib,hujan dengan intensitas tinggi yg mengguyur di wilayah desa Gumelem kulon,Tembok Rumah atas sanpardi sirun,Nihil,Nihil,Pelaporan,pemdes dan destana,asesmen dan distribusi bantuan,kades,,,https://mymaps.usercontent.google.com/hostedimage/m/*/3AE5a_GzosNvCESmdMpXHws4IgJwXwyU8-MTrUFfRMAMry54GXUMT9WziFUsRh91kvhw5gfJgUNx026PZU-zqwx5p9a78gN5A4pw7xgSpU5Nded1SnEh4z4ERiYGIOhoeL8BNiX8-4vZNtADfJLGYGvxiCr6WwPiMbDmAeNiK2MxG75uXwvy3_TuxU46ZC1w07EOvgYk1bfiG3nfy7RP7cGtTtHlea8roOgT-ZWgr-8DYVbO84ZjgZ2vcmiTyjNs?fife=s16383
JANUARI - FEBRUARI 2023,Tanah Longsor mlaya,,Tanah Longsor,Desa Mlaya Kec.Punggelan,"Lokasi 1.
https://maps.app.goo.gl/PhNpfuzwXWyPHCM8A
Ruas Jalan Kabupaten Penghubung Kec.Punggelan dan Kec.Pandanarum Tepat nya di Tanjakan Krikil Mlaya.
Lokasi 2.
https://maps.app.goo.gl/2kDhTkmk8r4gxfVu6
Ruas Jalan Desa Mlaya Penghubung ke dusun Kaliwadas
Lokasi 3.
https://maps.app.goo.gl/A3ycWAbop22M3FkQA
Ruas Jalan Desa Mlaya Penghubung Ke Dusun Kaliwadas
Lokasi 4.
https://maps.google.com/?cid=2806651731762882373&entry=gps
Dusun Kaliwadas RT 03/02 Desa Mlaya Kec.Punggelan","-7.3035177, 109.6409738",-7.3035177,109.6409738,"Kamis
Tgl : 30 Maret 2023",19:15 WIB,"Lokasi 1,2,dan 3.
Hujan degan intensitas sedang hingga lebat disertai angin yang terjadi di Desa Mlaya Kec Punggelan Kab Banjarnegara mengakibatka Longsor sehingga menutup akses Jalan Desa.dan Akses jalan kabupaten.
Lokasi 4.
Hujan degan intensitas sedang hingga lebat disertai angin yang terjadi di Desa Mlaya Kec Punggelan Kab Banjarnegara mengakibatka Longsor",menutup akses jalan ke rumah warga dan mengancam 3 Rumah Warga.,Nihil,Nihil,"Pelaporan,asesmen ,koordinasi dengan DPUPR
- Koordinasi Dengan Pemdes Mlaya
- Asasment Lanjutan
- kerja bakti warga masyarakat
- Mendatangkan Alat Berat Dari DPUPR","- BPBD Banjarnegara
- DPUPR Banjarnegara
- PEMDES Mlaya
- Polsek Punggelan
- Koramil Punggelan
- Destana Mlaya
- Ubaloka",,pemdes,"- Andri Sulistyo, S.OR
- Raib Sekhudin, S.ST,.M.KL
- Ahmad Arifin",,https://mymaps.usercontent.google.com/hostedimage/m/*/3AE5a_Gyx4K5Z8jg3ytCmsgFccLn04p-BRaY-pRV4c4u3jd377qawLD_SIs5YOFr6p_-IqHT0J63nzVG2QFQK015M42lTbZakBkWQSEo9rLNtn4SiV1Q5e3Ujy9KaYucc9dIHZOP5OZfYpMfTQjgfPkBsXUjlbQPu3o3Pj9e_rreBHze64M4zdavikcln4JJeiDHoSRyTJjoCXG2hE1yotsB_1poO5-tUdeAvoQIR_qcYrdFwDCFEMAMA5D9HTSQ?fife=s16383
JANUARI - FEBRUARI 2023,Tanah Longsor desa Mlya dsn kaliwadas,,TANAH LONGSOR,desa Mlya kec.punggelan,Ruas Jalan Desa Mlaya Penghubung ke dusun Kaliwadas,"-7.30025, 109.6298056",-7.30025,109.6298056,"Hari : Kamis
Tgl : 30 Maret 2023",Pukul : 19:15 WIB,di karnakan hujan yang mengguyur desa mlaya dengan intensitas lebat,menutup jalan,-,-,"Pembersihan Material longsor dengan Menggunakan alat berat BPBD,dibantu Unsur Relawan.
Lokasi 1 berhasil di bersihkan dilanjut Pembersihan Dilokasi 2. akses jalan untuk saat ini sudah bisa dilalui oleh kendaraan R2 maupun R4.","BPBD 
- Koramil Punggelan
- PMI 
- TAGANA 
- Pemdes Mlaya
- FPRB Kec.Pagentan
- Ubaloka
- Rapi 
- KNPI
- Unsur Relawan Lain nya.",,perangkat desa,"Andri Sulistyo, S.OR
- Raib Sekhudin, S.ST,.M.KL
- Sutrisno
- Langgeng widodo
- Ahmad Arifin
- Daryoto
- Ismail","PERALATAN YANG DIGUNAKAN
-Alat Berat
-Alkon
-Chainsaw
-Skop
-Cangkul","https://mymaps.usercontent.google.com/hostedimage/m/*/3AE5a_GzW37TqDwzCqFwk-TEDFvFcGG_PEeFULmuqijqsYJY3ZwTTi6UsK1pBCwGInrEs3vdzIPIlGpzg7ndWhGcWqWlwXTyiwdDPtm3JzvRo2ZKfNNBvwx2YQfXidwa3pUXh1Xk5VJkjFJNjxhcg1RM6F_TE-A8WneeFovW7QXxEvbjOnt4quBpVFRZkh8I2GEGhVr16RNVrx2lpWbxglieMiJARvW9us5zeWyxI_7w82MA-fBlAfhBuPDXP-gA?fife=s16383, https://mymaps.usercontent.google.com/hostedimage/m/*/3AE5a_Gwf9MDGgPCwUy2DMkdAAlRX0HZJdoXN6WutmwYXjfEmDw8vVrO7pk2VwGAEXFTVjCUTHaxFVo9GJokBVhULvzFw1jgDu6dsydoXVQSBYXo7EIDFAI30eCZPQm32dmaWCtfwIKkJufyv4edh4ZxXXEjv9gSLwBWrZHe_gLvYFQWurhk5wsEI9LFn-s7OCzVEfNXlE8RGCboKE-Kv7x7j9Vi33eDERUMVFmOhSWdl3KB-IFryQMvchySDh4I?fife=s16383, https://mymaps.usercontent.google.com/hostedimage/m/*/3AE5a_Gxb1M2Iniw7Hpb1gVihZDOiR-zSL2S7xj7dU3MrGiSyCCOd3t2LXRKb-s58K5_gG7tnlgr1vzaHkbT-5u85GIPrAuGrWYZHZGPP4B3WTdy3-pcSvEFfjlNoORpNbmrAhT0YUFcxRLW6hB0OXRfMzs_zv-97sHghkabVENBpK3dNLWwMkBpX65t78GRTNQ6oqFjK_DvPXEG35SVpIkHHytQVLbexeLqhebg0u6KLFJF3KutVbTnXFbV4S0Q?fife=s16383, https://mymaps.usercontent.google.com/hostedimage/m/*/3AE5a_GzyxDqrm2cBrZRggQ9fRDLp64X91thitFcUMFaagP3VUAYtYUx8ZQvgU0x5s-LbXZ49pOMS4GVgEC242YP0JdDmrC3Pa0Rch97nJEifTQmyLZKpqDKqXIO3tp8kr1zYR-ESTjynNPedPxhcCZPVHo8B0qMUKz5DsE1DQrJmyz4SmYcmHljSTTuTlEyLuBVpXlegW0K9a9yJP941XoPISrVGj6P-cTLqSrr7OBkR9jfXkoMfvKaeKNkfq_E?fife=s16383"
JANUARI - FEBRUARI 2023,Tanah Longsor   Tanjungtirta,,Tanah Longsor,Tanjungtirta Kec. punggelan.,Siwalan Dukuh Sijambu RT 4 RW 2,"-7.340699,109.640361",-7.340699,109.640361,"Minggu, 2 April 2023",17.00 wib,"Tebing Longsor terjadi saat tidak terjadi hujan. Kemiringan 60°. Tinggi 15 meter.
Panjang 20. Terjadi longsor saat tidak sedang terjadi hujan. Tetapi dititik lokasi memang terdapat mata air","- akses jalan desa tertutup material longsoran 
- pemukiman warga sekitar 40 KK terisolir
- jaringan listrik terputus
- jaringan air bersih terputus
- beberapa pohon tanaman warga roboh",nihil,nihil,"- Pembersihan secara manual.
- Perbaikan jaringan listrik","- BPBD Banjarnegara
- Pemdes Tanjungtirta
- Koramil Punggelan
- Polsek Punggelan
- warga masyarakat 
- PLN
- Saka Kalpataru. RAPI
- Destana Tanjungtirta","- masih perlu kewaspadaan jika terjadi hujan. Karena longsoran kecil masih sering terjadi
- terasering jika memungkinkan.
- memasang tanda hati2 jika melintas saat hujan",,"- Daryoto
- Suprihno
- Romadhon
- Tsaibun
- Widia DK
- Slamet R
- Fahri S
- Aldi
- Alamsyah
- Purwono (SARKAB)",,"https://mymaps.usercontent.google.com/hostedimage/m/*/3AE5a_GycCKkOnqNjNI5dtoVVTZBDde_cZr77kbkg9oZ84y9YAQ3Wnb3lHPwIADT9XUr6-Gr4yBFZK7V6EXZA_KrfjHxxiKtdFl2eREZJRuyxs2NftxzYFPzDCxFKb08gC2-2p07Eg7PaAloM_WIcuYDO7K0dxoYpsqsuc29bmn2NNQ9NnhPO28jADhUxM7e_G_IP_1IDDPylJyEWCpR9frjdMf4uSbk10LfG_8X_S-48yRpykzBNnSOVHCBmkrs?fife=s16383, https://mymaps.usercontent.google.com/hostedimage/m/*/3AE5a_GxY5n7e-EhqlStmsE_BnZoX4fkUGl7pI04UsFatcpl3vJPnrPdnrGZji47lIL0w21jt8hDjgPd8c7E5UmVlH7vwvotMUbSPFcthQdcHfJPHsNmSqzKo2qiwAGahKLjdUAVuAu4ewHAZWiOsGQUpDXQ41C2WG7WlVrXWwcNnB8X426aBxP3yMFk_LasuXk_nY7EC_DCjTG7UAMl_0LjqXbgVTcdYq25RtPmBR137cevx5fd-bCFmpFeRNyI?fife=s16383"
JANUARI - FEBRUARI 2023,TANAH LONGSOR DESA GUMELEM KULON,,Tanah longsor,"Desa Gumelem Kulon
Kec Susukan
Kab Banjarnegara",Dusun Dares Rt 02/07,"-7.520107, 109.4083436",-7.520107,109.4083436,Jumat 03 April 2023,Pukul 18:35 Wib,Hujan dengan intensitas sedang mengguyur wilayah Kecamatan susukan mengakibatkan tebing dengan tinggi 1.5 Meter  lebar 12 Meter  ablas menjebol tembok rumah milik Bapak Kusyari (80) 2 Jiwa.,Tembok pada bagian ruang kamar jebol,-,-,"Assessment dan Dropping logistik 
-Sudah dilakukan pembersihan  oleh relawan dan warga sekitar.
-Menghimbau untuk selalu waspada bilamana terjadi hujan lebih dari 1 Jam.","- BPBD Banjarnegara
- Pmi Banjarnegara 
- Dinsos Banjarnegara 
- Pemdes Gumelem Kulon
- Relawan dan 
- Warga Masyarakat",di himbau untuk pemlik rumah untuk berhati-hati saat hujan lebat,Perangkat desa gumelem kulon,"- Ismail
- Widia Dwi Kurniawan","H.LOGISTIK YANG DI BERIKAN : 

Bpbd Banjarnegara 
-1 Paket Permakan BPBD
-Terpal 1 Lembar 

Pmi
-1 Paket Logistik Permakanan
-1 Terpal
- 3 Lembar Triplek 

Dinsos Banjarnegara 
-1 Paket Logistik Permakanan
-1 Paket Makanan Cepat Saji",https://mymaps.usercontent.google.com/hostedimage/m/*/3AE5a_GwMTcqy2iykaldzlQNLtTN50CfU7E4LhOs5vfG9NfUNfgARZupe1fsntuL10G-k-qPDU-SD8Dqy94YxkZfW_jribA3uubiDUdkYbCfFyql3KMf9q3kfosZReg8200-ALvGCqbNYwJ2GOZfX-GW75fLxzxDavjhV6tyzrMyoCBVrhTd8id7qFYK3CnLVntJCWWdmiVuHJ9wd2GS2nS9H7VuGZOKUD3PRl_l36OGLw-5WmKyJocHk1QJq8Hc?fife=s16383
JANUARI - FEBRUARI 2023,Tanah Longsor Glempang,,Tanah Longsor,"Desa Glempang  Rt 06/05
Kec Mandiraja",Rt 06/05,"-7.51126, 109.4736677",-7.51126,109.4736677,Kamis 13 April 2023,Pukul 18:30 Wib,"- Hujan intensitas tinggi sepanjang malam Rabu 12 April 2023 , menyebabkan tebing setinggi 15 meter panjang 20 meter, longsor menimpa dapur dan kamar  rumah warga atas nama Kirno 48 th, Gumin 46 th warga Rt 06 Rw 05 Glempang.","-Rumah milik bapak Kirno (48)Mengalami kerusakan pada bagian kamar tidur dan dapur.
-Rumah milik bapak Gumin (46)Mengalami kerusakan pada bagian dapur.",Nihil,-Korban sudah diungsikan ke rumah saudara.,"- Assessment dan Dropping logistik 
-Korban sudah diungsikan ke rumah saudara.
-Sedang dilakukan pembersihan  oleh relawan dan warga sekitar.
-Menghimbau untuk selalu waspada bilamana terjadi hujan lebih dari 1 Jam.","- BPBD Banjarnegara 
- Dinsos Banjarnegara 
- PMI Banjarnegara 
- Koramil Mandiraja
- Polsek Mandiraja 
- FPRB Mandiraja 
- Pemdes Glempang
- Destana Glempang
- Pemdes dan Linmas Kebanaran 
-  Masyarakat dan Warga sekitar",Nihil,Yayan Destana,"- Agung Septiyanto 
- Widia Dwi Kurniawan",,https://mymaps.usercontent.google.com/hostedimage/m/*/3AE5a_GywzJxcijYknuVxVM10chQ8C7YTLPZ9aHiRaF-BdDw1AioEmUbYplHy1nN7Qr4Y2BIwdk6FbN2Io3ybuUEmXMLq3xTDyHRbGMt4zT8KXK2VBNwx1ROONeFmTwsADYhy7n-vVt5IanI8KmMFCHKQq_XuIOd2kVVqPqOHgW1IcsyPF1p7NF9X22qAt5_h_ckN_slj5eB4pvK1JW1VD2McDdMavdIqqg11kpRpHWwzIj20EruI9JP0Kea_bls?fife=s16383
JANUARI - FEBRUARI 2023,TANAH LONGSOR DESA KARANGSARI PUNGGELAN,,TANAH LONGSOR,"Karang sambung RT 03/RW 03, Desa Karangsari, Kec. Punggelan.
Kab. Banjarnegara","Karang sambung RT 03/RW 03,","-7.3509732, 109.5698988",-7.3509732,109.5698988,"Jumat, 5 Mei 2023",Pukul 23.30 WIB,Hujan Deras yang mengguyur wilayah kecamatan punggelan Dan Sekitarnya Pada Sore Sampai Malam hari menyebabkan tebing dengan tinggi +-10m longsor.,1 unit Rumah Milik Ibu Partinah Pada Bagian Tembok Dapur Jebol,-,-,"Kerja Bakti Pembersihan Material Longsor Oleh Relawan Dan Warga Masyarakat
- koordinasi Dengan Pihak Pemdes","- BPBD Banjarnegara
- TNI / POLRI
- Pemdes karangsari
- PMI
- RAPI
- DESTANA
- Syarikat Islam
- Kokam
- Ubaloka
- Relawan Lain nya
- Warga Masyarakat",Droping Logistik,Perangkat desa,Ahmad Arifin,"Logistik BPBD
1 Paket Logistik Permakan( Beras,mie,gula Pasir,minyak goreng,Teh )
1 Lembar Terpal
1 Set Alat Dapur
50 lembar Karung
Logistik PMI
1.Paket Logistik Permakan ( beras,mie,kopi,teh,susu kaleng,Gula Pasir,Minyak,Sarden)
1.Paket Higiens Kit ( Sabun mandi,handuk,sikat gigi,pasta gigi,Gayung.","https://mymaps.usercontent.google.com/hostedimage/m/*/3AE5a_GxP4NLpCBVzhM58ZplXdnUqNC7mRyYIQcagHnBFRK88540_LRcxQBCSAD0Vtwwt71CAEDsJuCenWJIizK9BBd8dB-_tOxRDhtBqcmAMeWj3eUe70k7n6ShF3rjR82O6gN0IU86ANYrhY2_1_F0RE-F38DX-6P0p_i_ZhoGjP9pxswAWqIJRzD9TfYIYpE8C_pJUNzLFIz_C9eZM8mtBHC9MtkSRG6ce03d7w5sdLOmpqI9aRQt_m6dM68A?fife=s16383, https://mymaps.usercontent.google.com/hostedimage/m/*/3AE5a_GyFfeP1M128acizzy-lTNtBqSx05Jvkdx1uOLaf3JVEeGxA3kct1CbbMVNAKO7VHFP5Dlx8ka3W12HWoBSrzq5M-LNmz8zdGCtagqrgx0er_9KZXyz-NR6vdxbG0psJv37I5PXpSZEpLwQZsC-ui7yxfD8USmWV0g0xfWq3uPL0mOK2IU7JdYW8b1IvOlyyG-QUh5yuMdEHsNT5i2tlSwnbJkEvfoaJ_t7dzOr8QE4kdy-SncQDGyqJO34?fife=s16383, https://mymaps.usercontent.google.com/hostedimage/m/*/3AE5a_Gy77blhWJqUvpgVs96RV90MgeChQ313Gc9bMW-7gCPppN3OcLRzzr-qVUZ2hq5c3p-Nfizpu89uLiHWGIhHhz0kvHJXShY4C20O4ENI3ctNCeU7hB-7306kt0QplA9dArrSFx6Dv-0ZweHD3-MTa42iwWqqUGSx4mootsg8iSnN3oBI7VJ79y9pxYM0ha7LjvjJHI3v-0KOnzgaMzymMyaMCYr4vbjuVCAz-2OjsXlZ0xnuuGDVl4-QnTs?fife=s16383, https://mymaps.usercontent.google.com/hostedimage/m/*/3AE5a_Gw8HByzGPDtr3vOI5cijuCp73cCen1UkiVWcJ7H-fbN-JE6_JaQId5edIzXNLIw2605dgCZwf1DMfyqI7PBUbAxR_JJ8OPmFP7RzKbfS6vAUf8gYRKx5lcPMcAPbM2pRKScktE1cbi5oH3uc2gtEaOTSIBA8Mh38c-Sg16nBOYsGR9flox2nZzrPUgpSLtHUu8xRSIaf7uPEzCWAW0lsAq4SNPwY8C88guIzNJ4JllEJwjfFTyaDKniEE0?fife=s16383"
JANUARI - FEBRUARI 2023,Tanah Longsor Kebutuh Jurang,,Tanah/ Talud Longsor,"Desa Kebutuhjurang, Kecamatan Pagedongan",Dusun Belokan RT 03 RW 09,"-7.4890921, 109.6745434",-7.4890921,109.6745434,"Minggu, 07 Mei 2023",pukul: 18.00 WIB,"- hujan intensitas tinggi dengan durasi lebih dari 8 jam 
- talud halaman mushola panjang 25 m tinggi 6 meter longsor
- material longsor menimpa rumah dibawahnya","- Talud pondasi panjang 25 meter tinggi 6 meter mushola Al -Hikmah Joyokusumo longsor.
- 1 rumah milik a.n Mohammad Hanifudin (4 jiwa) Rusak Sedang. Jebol tembok ruang tamu dan kamar",1 orang luka ringan a.n Muhammad Syihabudin Fahmi,nihil,". Menutup tebing/talud yang longsor dengan terpal
2. Korban luka sudah ditangani dibawa ke Puskesmas Pagedongan
3. Pembersihan
4. Cek Lokasi dan Kajian BPBD
5. Droping logistik","BPBD BNA, PMI, DINSOS",,"1. Ahmad sutarno 
2. Sujarwo","DARYOTO
TSAIBUN N",,"https://mymaps.usercontent.google.com/hostedimage/m/*/3AE5a_Gzuq9UTUt4nZqKjY1SOychVg2dLf8cpEZJYpd53qPSxk3lalHG-fTNUA8CVd5dr15TqBT1jGmASxy_8s68wEqaYgWp9euSrC8yJgn_7PoUaUgPUWJZ6sGu9xqlH9U6V2XHLQpbeXpK6Gi--6cH_j8d4GC9dKvQ9K1zN7kbUkNhnslpumi4L1MeDAaD2EEdipVqiSlGTfY6lq-3hCR5JIyxYU_L-0cdfyD4wwQnbqWittfMdLIYMTVyeWCM?fife=s16383, https://mymaps.usercontent.google.com/hostedimage/m/*/3AE5a_GzsRWDnpP8CZe8vKFUuw3CCq1Sp0lSUgioHpDDSh1kUPRfwetkpmL1lJ9FXYCsM8MjJxuULIaAmHOnKVXBKNznQD1IFX7nCeT4V5mQy6pF7Uf4aNDfyKPXI2rAf_O4z_sLiu12ytH6XcdFyCL8F19mE99vtJMFPOEK1zx4rPm3ce0eSwBl-if5G66qKN4sR05R5g3XlrbAD-_jXr8M4DKvij0gAftjy1pksNz9r7B-6vF4IIUWc8p9liEU?fife=s16383, https://mymaps.usercontent.google.com/hostedimage/m/*/3AE5a_Gx4gWStdAhPQY3sVGKx3qPlJpl6HRcTm6_QUL6cLa-HlvVoXP4US7HN31d2SZ3u7O1RbyNeS3aRb6vnT_qtpkRgx5xGSVrge6yoO0Dge8MyaalPIIJjfkW-Xh157R5ysNoflFQNISPben57ndQ2daM4DGims1N41WVeDqaLe5-oMqiXqFtQGobJxJA2yfxGGaQz9Udhw7EU3qEjRHbc8kNpzKuAIO3p-ErsGh0jhhjdfTrzXeBrG-JD3L4?fife=s16383"
JANUARI - FEBRUARI 2023,Tanah longsor paseh banjarmangu,,Tanah Longsor,"esa Paseh RT. 004 RW. 002, Kecamatan Banjarmangu","RT. 004 RW. 002,","-7.3402065, 109.6641149",-7.3402065,109.6641149,"Minggu, 07 Mei 2023",pukul: 18.00 WIB,"- hujan intensitas ringan hingga tinggi dengan durasi lama mengakibatkan tebing di belakang rumah warga longsor panjang sekitar 20 meter tinggi sekitar 10 meter dengan elevasi kemiringan lebih dari 30 derajat. 
- longsong mengakibatkan dapur tambahan salah satu warga runtuh terbawa longsoran serta longsor merusak tanaman kapulaga dan menutup saluran air dibawahnya sehingga aliran air tersumbat.",- Dapur warga an. Ribut yang merupakan bangunan tambahan dibawah bangunan utama rumah roboh terbawa longsor dan longsor mengancam rumah utama,,,"1. Pihak desa melaporkan ke BPBD
2. Cek lokasi dan assesment awal
3. berkoordinasi dg pihak desa untuk melakukan langkah penanganan khususnya pembersihan matrial longsor yg menyumbat saluran air dan membuat penahan/pancang trucuh guna penahan material longsor","BPBD BNA,Pemdes Paseh",,1. Kepala Desa Paseh,MARSONGKO,,"https://mymaps.usercontent.google.com/hostedimage/m/*/3AE5a_Gz3ZoHkpQEfdS1qQ_DeT0u4aGQUUqp4wuR50SQTJPTYd-LRpsGMueDk5dJYqNebDVGah0F29mbqg_ryOjPZfaoavZe_e8yQ642vm6zbhbm4TkxZ93hU8oKpsr3Yyajy-7AjzsfqQpmbKgOFGGjjk_svsPB5MFwOPo9umAAT63tdTbcSBUzPsjmwuXturORur7MyGzXPLEE_GiGTksf0ROojaqXk1AvB_TQQ8pvqr6F-A5aDvW79px6p678?fife=s16383, https://mymaps.usercontent.google.com/hostedimage/m/*/3AE5a_GxrJ_WaFHfS5jpBt33SKB0E679xNleS9lU6Xp_Ew4844IQ2rRysUAFW-KyBht-k-NQBVxNmnvo37Ovp-1SXHi35Gu8FUBSR9ZtshYXYbPMK6OD7R0oSbnSEE_AXa08X4MzyYWFfGYLsEGWClFHA6QUaBr992qPnlWlnpd4Ka0ULTgDl4RdQDRwzi92bHxt7TuI2RYi_6q_O-JoL918x7__mzZkjc-PFAF0gT1QunBkAQZ0VzfnlqETnxoQ?fife=s16383"
JANUARI - FEBRUARI 2023,Tanah Longsor Lebakwangi Pagedongan,,Pergerakan Tanah Dan Tanah Longsor,Desa Lebakwangi Kec. Pagedongan,"Dusun kotak Amba RT 03/06, Dusun Gambir RT 01/07 & RT 02/07, Dusun Cabolan RT 02/02, Dusun Jomblangsari RT 01/09 , Dusun silegi RT 01/03, Dusun Sidawangi RT 02/04","-7.462226, 109.658253",-7.462226,109.658253,"Minggu, 07 Mei 2023",Pukul 18.00 WIB,- Hujan Deras yang mengguyur wilayah kecamatan pagedongan Dan Sekitarnya Pada Siang hari Sampai Malam hari mengakibatkan terjadinya kembali Pergerakan Tanah yang sebelumnya terjadi Pada Tahun 2022 mengalami pergerakan susulan,"Lokasi 1.
- Hujan Deras yang mengguyur wilayah kecamatan pagedongan Dan Sekitarnya Pada Siang hari Sampai Malam hari mengakibatkan terjadinya kembali Pergerakan Tanah yang sebelumnya terjadi Pada Tahun 2022 mengalami pergerakan susulan yang mengakibatkan rumah milik bapak Mutakim mengalami kerusakan yang cukup parah dibagian dapur hingga ambles sedalam -+ 1m.
- Kemudian rumah milik bapak Jefri mengalami susulan tanah bergerak yang mengakibatkan rumah bagian belakang ambles -+50cm.
- kemudian rumah milik ibu Eni mengalami kerusakan dibagian belakang akibat pergerakan tanah susulan.
- kemudian rumah milik bapak khalik mengalami kerusakan dibagian belakang rumah yang mengakibatkan ambles sedalam -+30 cm.
- Mushola Al Qodar mengalami kerusakan dibagian depan dan samping. 
Lokasi 2.
- Hujan Deras yang mengguyur wilayah kecamatan pagedongan Dan Sekitarnya Pada Sore Sampai Malam hari mengakibatkan terjadi nya Pergerakan tanah di belakang Rumah bapak Latif yang mengakibatkan bagian belakang rumah ambles sedalam -+ 1m.
- Rumah milik bapak keri mengalami pergerakan tanah yang mengakibatkan kerusakan dibagian dapur.
- Rumah milik Pak Budi Santosa mengalami pergerakan tenah yang mengakibatkan bagian belakang rumah mengalami retak retak.
- Rumah pak Admin mengalami pergerakan tanah yang mengakibatkan retak retak.
- Rumah milik pak Wahyono bagian belakang tertimpa tanah longsor dengan ketinggian -+15m dan panjang -+20m.
- Rumah milik pak Yusuf mengalami tanah bergerak yang mengakibatkan tebing setinggi -+15m dan Lebar -+20m longsong menimpa rumah milik bpk Wahyono. 

Lokasi 3
 - Rumah milik nenek Wiji dan saudara indra mengalami longsor dibagian belakang dengan ketinggian tebing -+7m dan lebar -+4m.
- Rumah milik pak Ifanto mengalami longsor dengan ketinggian tebing -+7m dan lebar -+ 5m yang mengenai bagian samping rumah.

Lokasi 4
- Rumah milik pak Mudimin mengalami pergerakan tanah yang mengakibatkan kerusakan pada belakang dan samping rumah yang cukup parah.
- Rumah milik ibu Sarniah mengalami pergerakan tanah yang mengalami kerusakan sedang dibagian depan dan samping.

Lokasi 5
- Rumah milik pak sobir mengalami longsor dibagian belakang.

Lokasi 6
- Rumah milik Bu sulastri mengalami longsor bagian depan dengan ketinggian tebing setinggi -+5m dan lebar -+5m.

Lokasi 7
-Rumah milik pak Sukaryo mengalami kerusakan dibagian depan akibat tanah longsor.",,"- penghuni Rumah An.Bapak Mutakim beserta Keluarga Sementara Mengungsi Dirumah Saudara
- penghuni rumah an.bpk Santoso dan keluarga sementara mengungsi dirumah saudara.
- Penghuni rumah bapak Mudimin beserta keluarga sementara mengungsi ditempat saudara.
- Penghuni rumah milik ibu sarniah beserta keluarga sementara mengungsi ketempat saudara.
- Bronjong yang Dulu Dipasang Di bawah Mushola sudah Bergeser jauh Dari Titik Pemasangan Awal.
- Untuk lokasi 3 sudah dilakukan pembersihan materil longsor yang dilakukan masyarakat.","- koordinasi Dengan Pihak Pemdes
- Melakukan Assessment
-Menghimbau masyarakat untuk tetap berhati-hati dan waspada.
- pengosongan rumah warga yang terdampak pergerakan tanah.
- pembersihan material longsor","- Koramil Pagedongan 
- Pemdes Lebakwangi
- Destana Lebakwangi
- Masyarakat",- kajian Geologi,"- Nida ( DESTANA )
- Elsya ( DESTANA)
- Ishak ( DESTANA )",,,"https://mymaps.usercontent.google.com/hostedimage/m/*/3AE5a_GyFpvg90JEvDXBnnEH7bltY6YVbDbTBU_CcSbrQQwKsoSWhqDxGG8WZ3NTMluCtiw2truZ7txULwBqKvhL7e81bFCEVETO2jPxP6KABmXbMFfKvbkAnbH3ISEflVhGayMaCJkCVf6lEsw-fLCYKUEHEJCgZ6mlaajZfOtilAnfJ-hH802LpEq-TYTtjn5zzAmZWXswKXKR8g2YmQrSKS_R9PDGIwWH-IxZYJCCCYB2TJ4e0G7Exzi60VVc?fife=s16383, https://mymaps.usercontent.google.com/hostedimage/m/*/3AE5a_GzmMxHx4HkKtl0KqXrtiL0gDCDck35gN28weqp-AuDjQm0SJyARWat9qoZnp5kLn4_ocxbzd2L9J5N6jl1NIg6KYIQ1p0nFKArpttTg9ZQQJg22zgebkNYZcgvLQer0RuWpTLFCgodE9dOraVDxbgvT2vNO81c--Oq4CgKJie8WLPIQux_JWo_Wt3SWD_O2Z3wA9h5WCy41DPvNkr93J7QQr-uR0d2ARWogLJ7t6PlYoonGcaDXXtv5sTQ?fife=s16383, https://mymaps.usercontent.google.com/hostedimage/m/*/3AE5a_GwvlXNqNVFAvwxG1RSOmA6aDxGn7lJhEEOf_76L_q4mI9JW602PCQU6FQCuDlZLr41QnQkhye7gu-klQOaWHj5TJ1bIoxrRnecDmJrczmODxc3W4RYak5_GRQWl62U8hIFA0DVMJj1BcwU99MgimvEl-sYoSdlEsg45LdiFMna53nRNefzVMYd3SHB_7GFhif_DDlPlEWoHcjmElBzcEZn2m9fDXfIzVMBp07_9Y4i5o1_DnGDRsl4Z22M?fife=s16383"
JANUARI - FEBRUARI 2023,Tanah longsor Desa Duren pagedongan,,Tanah Longsor/ Gerakan Tanah,"Desa Duren, Kecamatan Pagedongan","Dusun Karangwaru RT 1 RW 5, Dusun Balong RT 3 RW 5, Dusun Sembir RT 3 RW 2, Dusun Karangwaru RT 1 RW 5, Dusun Kemputan RT 2 RW,  1Dusun Kemputan RT 1 RW 1","-7.481152, 109.654164",-7.481152,109.654164,"Minggu, 07 Mei 2023",pukul: 18.00 WIB,"- hujan intensitas tinggi dengan durasi lebih dari 8 jam di wilayah Desa Duren dan Sekitarnya
- hal tersebut memicu terjadinya longsor dan gerakan tanah rayapan di beberapa titik di Desa Duren Kec. Pagedongan
- kurangnya drainase yang ideal menjadikan air mengalir liar
- beberapa titik terdapat kolam-kolam kecil 
- menurut kesaksian warga terdampak, mereka mendengar bunyi berderak dan menyebabkan mereka ketakutan dan beberapa mengungsi","Lokasi 1. 
1 Rumah Rusak Ringan 
a.n Ari Setioaji (2 Jiwa) 
Kerusakan : Tanah Bagian Bawah Pondasi Longsor
4 Rumah Terancam
	A.n 	1. Siswanto dan Mistar (2 KK 6 Jiwa)
		2. Sukir (5 Jiwa)
		3. Ny. Musin 5 Jiwa

Lokasi 2
1 Rumah Rusak Sedang 
a.n Zuldianto 4 Jiwa
Kerusakan : Rumah retak-retak dan lantai terangkat, beberapa bagian struktur mulai ada tanda kerusakan
1 Rumah Rusak Ringan 
	A.n Haryanto (1 Jiwa)

Lokasi 3
1 Rumah Rusak Ringan 
a.n Riyanti (5 Jiwa)
Kerusakan : Rumah retak-retak 

Lokasi 4
2 Rumah Rusak Sedang 
A.n 	1. Suparno (3 Jiwa)
		2. Parwito (4 Jiwa)
Kerusakan : Rumah retak-retak dan lantai terangkat, beberapa bagian struktur mulai ada tanda kerusakan

Lokasi 5
1 Rumah Rusak Sedang 
A.n Watiman 3 jiwa
Kerusakan : Dinding dan lantai Rumah retak lebar dan lantai terangkat bagian belakang rumah longsor bertahap sejak 1-2 bulan terakhir.

Lokasi 6
1 Rumah Rusak Sedang 
a.n Agus Setioro 5 Jiwa
Kerusakan : Rumah retak-retak dan lantai terangkat, beberapa bagian struktur mulai ada tanda kerusakan
4 Rumah Rusak Ringan
	A.n 	1. Ralman (4 Jiwa)
		2. Sutoyo dan Aji (2 KK 7 Jiwa)
		3. Tumiran (2 Jiwa)
4. Harsono (2 Jiwa)

Ket tambahan : 
- Potensi kerusakan lebih parah bisa terjadi apabila hujan intensitas tinggi dengan durasi lama kembali terjadi.
- 2 KK diluar data tersebut juga telah melakukan relokasi mandiri pada tahun 2022",,Hampir semua (17 KK) mengungsi sementara saat terjadi hujan intensitas tinggi dengan durasi lama ke rumah-rumah kerabat yang lebih aman.,"1. Cek Lokasi
2. Beberapa warga mulai menata drainase
3. Pembersihan material longsor",,"1. Penutupan rekahan tanah yang berpotensi dimasuki air limpasan
2. Menata Drainase 
3. Meningkatkan kewaspadaan warga di lokasi rawan
4. Droping Logistik Pengungsi
5. Kajian Geologi
6. Rekomendasi BPBD untuk penanganan lebih lanjut","MARMAN (sekdes Duren)
SINGGIH (Kadus 1)","DARYOTO
TSAIBUN N",,"https://mymaps.usercontent.google.com/hostedimage/m/*/3AE5a_GwwGN8APB1Q7fLL-aXxJcnIV2Y42wWlnpqlD0mIJPewvXZwwBVMA_PMHo54PaQVHxopK52i8AbKNT0BHXKo_sHESAYuOEvMTsxfGixhAyFAjhgSO42GsJTuYBVSv_bfvdUqFZHS_3WzLyzS4aetcCj51clhv88lwvP62NklFrdNtfOxzMfxVhJXj_5x25IHx01UiI0KAq7lkFPClv5TkcbAHSfdSeOv19GSWBg6PHCAlwC3bH7Ad-lKLgM?fife=s16383, https://mymaps.usercontent.google.com/hostedimage/m/*/3AE5a_GzAJT54-9dZXNcyej4rlvmMJtxlhhpm0WSFo_X39l8JlIkJ-J-Qvsxvf1LRIUlII8sz_wchNrkZNGnv5_BXZCdoAE_ImiE8_uM_jOMd3vGuqOHj_t0QS6-uAI6wb9oRDdRzChUt7DOqr0KyrXEHe3zuqdHlPS4yGLxb3OpPneh1vcUfPLAcnqpId6j5vYfIFSWhtgtUcB-xVIZvxNqkUj-ZdgJhJ7nzH6XSddfHOAMKXJEsJz7X20JgeFA?fife=s16383, https://mymaps.usercontent.google.com/hostedimage/m/*/3AE5a_GwydjnbbBLlTNV1OXeDDdlaY9JxshEvzIZUbrl8lcaDVOen5OERKsTsR1b8YGXlTL0QIm02AhCJGcmGyF34M5F2zZOaqumTtCkec-4X2ZqLB_GrIyJgwXWi3oc4wuwSGEVApUsnn3j5HqnvGTqEnvFEEljaX75W-43IMEK7bkb-iGxu4viEC1rs7OQ_AhCo61L4sWb6KGrPicBNYditDTfAb9BbhNBWHj01ySti-NHb9Qb3GEtltCTI-1M?fife=s16383, https://mymaps.usercontent.google.com/hostedimage/m/*/3AE5a_GwEDPnfUHIqMvAJi_hC-5RKI6wP_YuLuKwu-dnWSHlp1p3Jjnz5T1XgaH8o3rTxD4VtZU2j2_BAVyhk22KUCFP29VyIrQOTXo__6ky3-bkUyu-rwJ2aphP4aDrYUILpStOtoYUrOnMLF1RwaYGhHBkDq0YxUu5q_v6R1X2gxVTGF7ysWMKGv6HhrQi7m4tjZtfnhMg8nEP76xFwNlCbNflHZGjm-WpYlmkLGXaa4UbhzKVNFOmjp8sGcKY?fife=s16383"
JANUARI - FEBRUARI 2023,TANAH LONGSOR PRENDENGAN JALAN KAB.,,Tanah longsor,Jalan Penghubung desa Sijeruk ke desa Prendengan (Jalan Kabupaten).,dusun tlaga,"-7.3155768, 109.7040634",-7.3155768,109.7040634,Minggu 07 mei 2023 pkl,18.00 wib,-Terjadi hujan intensitas lebat di wilayah kabupaten Banjarnegara dengan durasi yang lama menyebabkan Terjadi tanah longsor DI 5 TITIK jalan penghubung antar desa dan kecamatan (jalan kabupaten) lumpuh total,Saat ini akses penghubung dua desa Lumpuh total tertutup matrial longsor.,nihil,nihil,"Pelaporan.
Himbauan
Asesmen.
Kerja bakti sementara dilakukan oleh warga setempat","BPBD ,TNI, DPU, PEMDES, DESTANA, WARGA MASYARAKAT, DAN RELAWAN.",PERBAIKAN JALAN,DESTANA,PARWOTO,,"https://mymaps.usercontent.google.com/hostedimage/m/*/3AE5a_GxiCQdfhw2Msqh64J6n34TS4_Lp0AdYsMtttXbcDdnK--E8X7X3WYioPfMc3mplOAqv_nLRdGERiUDo8KbZfCCdt5M7p_ZRNY7slx0RAd0awzYhDzTS_zb4yi-oUCNYTJsLKi44CBzuNP5OgpcXQ81MTFyZi5qxMeOSvpEN0XI5S1_sPVICSh1V8--6WvBJfn1ddDwNGnDHSYIAklO4nPqgc1hZesIbAI-T13zi6sMyF-HYtzOxsiX6_5I?fife=s16383, https://mymaps.usercontent.google.com/hostedimage/m/*/3AE5a_GwzZd3CWky31rzBgC0HI8rkoMZLdvMDu7g9nXIf9DXV7WVQR0U5py8V-21OE45D_q_mStXW14GJDmKKMxntS3x81YkGT29EkeIZ6bKttD9nVvIBCOpb80dsSM23DNt3UGDx_LUL1LoZSLxePjbRHgcqgab6bOFN7SLo497QLajJJnTzvWp7WUebnDhVVRLpxVBsHH7l0kjvq3ZdObPmGUGivylImzIzC8mF0zl13TNSQHANKyau0ri7xfw?fife=s16383, https://mymaps.usercontent.google.com/hostedimage/m/*/3AE5a_GwrxPgsx99yknNi7DdenukcHekVIJefkHgVZa99b4YTJ0Fesp8KUgxj2TksDkQmSBuMMfcegUKEHtAVlD3j1yJMpSqEzBVeYC38rePVsVcwjDanSZDhj6vedRWLuf0i1nby8o1YIHm8StVedlv0hBfw5vW6B40YtAHep3TLCh-9XbI0Nrit0J9__GPJ3PJUZ-mTBD8ZiViUF2GphcU_cRBRaMu-2moTJzkzZVb1NOFfh36kfrn90G4w2J4?fife=s16383, https://mymaps.usercontent.google.com/hostedimage/m/*/3AE5a_Gx6cNVdx8nDWeHkb2Rn0lYrnuO7HKuN6AiPiehG9E26RR3VdYtpyU53XbKC0xlKXcG_w349cdoawZJD_shlivwMHCRn7jLk_7C7Ul6KqNoVLA9jItGTtaAVEoIxiPVPjazvnYKlhSuUot643XdPLXUfWUCo4EuDhLUfOc-C4GiesP7rI7_IoXzri8nOSRcTnTJBnIJUj1sVQQuRqlRBRp5qdZGPhIEsQbV5cltqrZf_izz-_1OUEWXCymA?fife=s16383, https://mymaps.usercontent.google.com/hostedimage/m/*/3AE5a_GyDmD7-ZSmjx8Ec6vD3RKmGtJ8D83z5QXwoKFnK-MvNUIp5D0YuYFckqPOuHLcgd7PTWxlJt2x4zYlAe3ymMkTcwgDHL7YaZRGD_FKGokaEeoWppAlxZ4-IuaniIMx9xFjdUUIH4Q3iTTX0ZZwTAZxGnecZt9VChsf_uTe9dIlMCnUtg_jI8sfTVg6h33akw5l1Ff1u-8izh1hifuXISSaYKRiLeiIs7ECPmLGYYi-7kswpj0Lg1v7PlSU?fife=s16383"
JANUARI - FEBRUARI 2023,Tanah Longsor Dusun Bogoan RT 05 RW 02 Desa Rakitan Kecamatan madukara Kab. Banjarnegara,,Tanah Longsor,Desa Rakitan Kecamatan madukara Kab. Banjarnegara,Dusun Bogoan RT 05 RW 02,"-7.359155, 109.702823",-7.359155,109.702823,"Jum' at ,8 Juli 2023",23.00 WIB,Pada hari itu terjadi hujan deras dari siang sampai malam hari. hujan tersebut mengakibatkan dinding rumah bapak septanto mujiantoro (asep ) retak yg di akibatkan longsoran tanah yg ada di belakang rumah.,Mengalami rekahan di beberapa tembok,-,-,Melakukan kordinasi dengan pemerentahan desa dan Tksk,,,"Rupi Astuti 
TKSK Madukara",,INFO AWAL,"https://mymaps.usercontent.google.com/hostedimage/m/*/3AE5a_GwzZ2F0kcwU-u4wECh5IEyURXvfXNGsppnwF89jyg3sKJdy08NinWQOD_3_azANbEG6AD7w9-AwRR0pZxslSaTsXnY_dyLmqgSz0DHT_Zf0lfM9jbCDwm7dCgxM5Kjj6TAjzzh2UAp6m9Yet0UmGgnIl9VeNLsDPr1WtP7OaxOFGzONAKqIsgWVBDwWdupEp2H7rrtY7_FBG4yrlY0TAnMbJ9D2Wi82mCtpzaYwDF6mYZPG72n5aEOBMls?fife=s16383, https://mymaps.usercontent.google.com/hostedimage/m/*/3AE5a_GwNOyOF0c1WYdqOiKtXnzUNxZ3xTpoY2rr10Ftv45wMhPcCc1lxgTVKlsh9SOqZHXxicCVBZgFZ-5HbFLFDMdY8XvswkW6oGXPF4TiAnGKmPBPKM5PKBPgq7fvbpZcOYVys94R87Uqm6ZZHuGVFiKDPKJ1k6kL4aYJV_h7ZaufU2iOw3Wg8CACOvc6CGiLu6V6MiNmPIYEtKUp-wtqqcmiaMKKwlR7MQiL-rLAK1HIuuET7Ri_jYX97PmQ?fife=s16383, https://mymaps.usercontent.google.com/hostedimage/m/*/3AE5a_GwBG-TPEV0uEG5G7wJqJhUOlzsaLB7I43Kgx4DTXHNZMfz2n5vrKwhmLsIHFeNAQ78CZMOugvFgrcBrjxQTMJINN6NS6hlgQp7Bzl6GTUrUFgXjdeZ2tIPElVCLshBGX_25sqGgw0qUOIHHVe0mG2Oo3DSPnW3clUaZ9v5q2PHAMoFdyQXfwUBJfNeAgKYyNVbIcMvaCUKi2oY1hioZo4hLw1K-FFxi8IGLKFXRkrBiW1mLE57v46f0eJM?fife=s16383, https://mymaps.usercontent.google.com/hostedimage/m/*/3AE5a_GwgrhrB_nJ9XfVAo1nqoP96a_5vli2GE_0WCrYy8JBCHVYgp7Ln40mwEGGaTcbZLId5gSEoChsxxwZaZN5FnCboi1BYVeDRnfH9aeq03_PxmeEuxnZikkbX2M3gYe4k2C6e-XIzY-gBxiXpmdPWQ49EsBdBbmNE_NTNADzXPBFqqsB9XLoNqy_PfUSRGf1zEigXdsm9H9HDDLwuwNBgXBoIeSAm8ot2dMr9Tku10PmFZXx0L-jiuSOKVbw?fife=s16383"
JANUARI - FEBRUARI 2023,Tanah longsor purwasana,,Tanah longsor,Desa Purwasana Rt 02/01 kec.Punggelan,Purwasana Rt 02/01,"-7.3250162, 109.5956876",-7.3250162,109.5956876,Minggu 03 Desember 2023,16.00wib,"Hujan intensitas sedang hingga lebat terjadi di seputar desa Purwasana 
Pada pukul 16.00 Tebing setinggi -+5 meter Longsor hingga Matrial longsor mengenai tembok rumah atasnama ibu Rumini",kerusakan pada Bagian tembok 8x2 meter Jebol.,nihil,nihil,Warga melakukan gotong royong membantu membersihkan matrial longsor dan puing.,,Asesmen.,Purwono,,,"https://mymaps.usercontent.google.com/hostedimage/m/*/3AE5a_GwDgFD8SgO2IcoHx1Bz668bRQaXR-GL5tBJQwTfukhhepFSHjQWLPsk1ORD0ROlDvpgC9VPTbtFbzP5ZzLJK_r8D7L1yyQwMXz3tfBM1Jn7vdqDmggDfsjXZyhffzbhfob0gKRIu0O_TtXIgUUKgzfikI1K9g8KbKopEyQe9igyNK-hC477ly7cPNhIMGLLkDI6K5ITd1cBrATILqSrZX3Fb8TsNc5z7wLMqegp3qVebrp3XBeEgWpZBVQ?fife=s16383, https://mymaps.usercontent.google.com/hostedimage/m/*/3AE5a_GzwORpflxUKWT8JvXOf3I2uLVtCo1o3hcLqBYc4ap7r1bX6S6nSEDpq96eDqT3TvvAgtqAJzGt14EDEDP7xvFeJHptGDe-YpUn9UBn26ZS5cxAbetkAGmKrktFlTvcBMcU8cLAT61Jx091OnHscBkKjhX9USvBVWklcHkYlK0kFcctbkohVyzWCR6DVY-SeRoOKaoPJ6i1sskzq_UYRzisgLm2ghrRPMQSvTzNV7fmJ3Wi8sxZkO4OPHus?fife=s16383"
JANUARI - FEBRUARI 2023,Tanah longsor desa jembangan,,Tanah longsor,"jembangan ,punggelan",RT 03 RW 02,"-7.3107681, 109.5872635",-7.3107681,109.5872635,Minggu 03 desember 2023,23.30 WIB,Hujan yg sangat lebat menguyur wilayah desa jembangan kecamatan punggelan  terjadi tanah longsor yang menimpa sebagia sebagian rumah warga,"rumah bagian belakang sehingga roboh. an   bapak
.Suyatno Mistun.",Nihil,Nihil,asesmen,destana jembangan,,jarwadi destana jembangan,,,"https://mymaps.usercontent.google.com/hostedimage/m/*/3AE5a_Gzg9_bI_vnAI7e8g5Xj3sGvK1dH7Ee1LTPV7BpH9fz-tOMGYtGT1Z-ytOKXjkhoHTQVvRc2ZScN9voQRwN6A26VvwDo_AMovikD-YmRdSAipN3YE9N2aSOTuJJWMTVb65_5HWz92M7ihrKWN1CzaijEPnX9QuK9Uc1_qcrU8TgREp9RBeIB7YobZxxrxywWSFB--bSzw_a-T5N-KzQktYy9V9D52G-S5KwMh0Xh_dl-RpnJVaexUs7PW9c?fife=s16383, https://mymaps.usercontent.google.com/hostedimage/m/*/3AE5a_Gz1TolGUy0WS1itYJdnHcJ_Mvck5y_TknansqR8-TwR1URFdHhwz1_WTEC2n6gBXWGlhazgvjRkqT4fidZfM6LJxxJKEH_kwC_NSvOuWrwAMYyWjHxjB3iqQ0ZwOP5TIUiqUH8M4YL3baqieKpy6He1TBHI_fD0hiwGBH1ajkv_sYBn-9iWkQPG7Ofjijgo1LyyTLrQ9D1VMufKrsW0vgFsho-q85Go9_7tzM38q-Iiw2zf3U82X5WDkxU?fife=s16383"
JANUARI - FEBRUARI 2023,Tanah longsor biting,,Tanah longsor,desa biting kec pejawaran,RT 009/ RW 002,"-7.2530877, 109.7850496",-7.2530877,109.7850496,"Minggu, 3 desember 2023",21.00 WIB,"intensitas hujan yang tinggi sehingga mengakibatkan Tanah longsor. Pada tebing setinggi -+9M,",Mengakibatkan saka rumah menggantung dan tanah longsor menimpa empang,nihil,nihil,asesmen pelaporan,,,,,,"https://mymaps.usercontent.google.com/hostedimage/m/*/3AE5a_Gy-hVWaDDz0BiQLRLxAUIlrEH5UWZR8F_bv4LLC6h1JD0roHvzkxzESb1q7SsVH5_Pc15f6otj9SZtReXeir4U3a2hfeIwLRXoNiCBRGPb23l6GYesRcdWL59i6WQaeQGewsgYK6mlor-Gq_tk4rSX3zx0WeWCQs9Rs4ga-Jwi1L4mC_bZAn0GGo_Pbr53H2hnI0-enu_0gfD-YeX7j2EAwMHplA9J9UqCFrrM8L1kt1vf2QBSWEWUxeqs?fife=s16383, https://mymaps.usercontent.google.com/hostedimage/m/*/3AE5a_GzwmrJcKBxoTPzcbcjTRefco_VZ1E4yDBkNGwEsAJBB4Eic0jB6fxubt7ETcnuuqwgesYQoKRGi5RptBJ5Nzrppi_FFVHLOCU9pdqMjJaQ64AjWgEWsFRZc6k8EisFrgA2t5kyfcHCDeuiH6erxqoeXMEXOAsRzpfC0y5nS59swRJEXmKwspkUSr_OKK7g-e412cHxJd7T5n0iA0BuHNy-Hina_Mk-s4aiw82cxF61NrNKnUv5ciU4FXs4?fife=s16383"
